delete from participante_congresso;
delete from revisor_artigo;
delete from autor_artigo;
delete from cartao_credito;
delete from congresso;
delete from artigo;

INSERT INTO "artigo" (id_artigo,nm_titulo_artigo,nm_resumo_artigo,nm_artigo,dt_envio_artigo,qt_revisoes_artigo) VALUES (1,'Curabitur egestas nunc sed libero. Proin sed turpis nec mauris','nec metus facilisis lorem','eu, euismod ac, fermentum vel, mauris. Integer sem elit, pharetra','Sun, 23 Jul 2017 20:51:32 -0700',8),(2,'consectetuer euismod est arcu ac orci. Ut semper pretium neque.','cubilia Curae; Donec tincidunt. Donec vitae erat','dis parturient montes, nascetur ridiculus mus. Donec dignissim magna a','Mon, 24 Dec 2018 23:27:38 -0800',6),(3,'vel arcu eu odio tristique pharetra. Quisque ac libero nec','magna. Nam ligula elit, pretium','a neque. Nullam ut nisi a odio semper cursus. Integer','Fri, 16 Nov 2018 12:06:16 -0800',9),(4,'nulla. In tincidunt congue turpis. In condimentum. Donec at arcu.','eget ipsum.','eget, dictum placerat, augue. Sed molestie. Sed id risus quis','Fri, 01 Sep 2017 02:45:14 -0700',1),(5,'pede ac urna. Ut tincidunt vehicula risus. Nulla eget metus','Aliquam nec enim. Nunc ut','odio semper cursus. Integer mollis. Integer tincidunt aliquam arcu. Aliquam','Sat, 18 Nov 2017 01:35:30 -0800',9),(6,'quam, elementum at, egestas a, scelerisque sed, sapien. Nunc pulvinar','in, cursus et, eros. Proin','egestas a, dui. Cras pellentesque. Sed dictum. Proin eget odio.','Sun, 20 May 2018 14:14:21 -0700',3),(7,'nunc nulla vulputate dui, nec tempus mauris erat eget ipsum.','nibh. Phasellus nulla. Integer vulputate, risus a','vitae mauris sit amet lorem semper auctor. Mauris vel turpis.','Tue, 02 Oct 2018 11:13:14 -0700',5),(8,'lectus quis massa. Mauris vestibulum, neque sed dictum eleifend, nunc','neque. Nullam nisl. Maecenas malesuada fringilla est. Mauris eu','parturient montes, nascetur ridiculus mus. Donec dignissim magna a tortor.','Fri, 13 Jul 2018 11:03:20 -0700',4),(9,'egestas ligula. Nullam feugiat placerat velit. Quisque varius. Nam porttitor','arcu. Vestibulum ante ipsum primis in','sem mollis dui, in sodales elit erat vitae risus. Duis','Wed, 30 Jan 2019 15:23:34 -0800',2),(10,'sem, consequat nec, mollis vitae, posuere at, velit. Cras lorem','tempus scelerisque, lorem ipsum sodales purus,','id sapien. Cras dolor dolor, tempus non, lacinia at, iaculis','Fri, 14 Sep 2018 16:01:03 -0700',2);
INSERT INTO "artigo" (id_artigo,nm_titulo_artigo,nm_resumo_artigo,nm_artigo,dt_envio_artigo,qt_revisoes_artigo) VALUES (11,'elit elit fermentum risus, at fringilla purus mauris a nunc.','ut erat. Sed nunc est, mollis','mi pede, nonummy ut, molestie in, tempus eu, ligula. Aenean','Mon, 22 Oct 2018 07:31:56 -0700',2),(12,'Nunc ullamcorper, velit in aliquet lobortis, nisi nibh lacinia orci,','ornare lectus justo eu arcu. Morbi sit amet massa.','ac tellus. Suspendisse sed dolor. Fusce mi lorem, vehicula et,','Sun, 25 Mar 2018 19:36:49 -0700',3),(13,'arcu. Curabitur ut odio vel est tempor bibendum. Donec felis','Morbi quis urna. Nunc quis arcu vel quam','Donec dignissim magna a tortor. Nunc commodo auctor velit. Aliquam','Wed, 21 Nov 2018 20:08:59 -0800',10),(14,'mauris ipsum porta elit, a feugiat tellus lorem eu metus.','eros nec tellus. Nunc lectus pede,','purus. Duis elementum, dui quis accumsan convallis, ante lectus convallis','Sun, 03 Feb 2019 22:20:48 -0800',4),(15,'orci sem eget massa. Suspendisse eleifend. Cras sed leo. Cras','volutpat ornare, facilisis eget, ipsum. Donec sollicitudin adipiscing ligula.','molestie in, tempus eu, ligula. Aenean euismod mauris eu elit.','Wed, 19 Sep 2018 08:03:00 -0700',8),(16,'massa. Integer vitae nibh. Donec est mauris, rhoncus id, mollis','Etiam laoreet, libero et tristique','mi, ac mattis velit justo nec ante. Maecenas mi felis,','Mon, 28 May 2018 23:13:55 -0700',10),(17,'eu arcu. Morbi sit amet massa. Quisque porttitor eros nec','tristique aliquet. Phasellus fermentum convallis','a purus. Duis elementum, dui quis accumsan convallis, ante lectus','Tue, 04 Jun 2019 00:16:05 -0700',10),(18,'ipsum. Suspendisse non leo. Vivamus nibh dolor, nonummy ac, feugiat','Nullam scelerisque neque sed sem egestas blandit. Nam','ornare, lectus ante dictum mi, ac mattis velit justo nec','Wed, 13 Mar 2019 01:13:12 -0700',6),(19,'quis lectus. Nullam suscipit, est ac facilisis facilisis, magna tellus','commodo at, libero. Morbi accumsan laoreet ipsum. Curabitur consequat, lectus','metus eu erat semper rutrum. Fusce dolor quam, elementum at,','Sat, 24 Mar 2018 22:02:42 -0700',5),(20,'amet risus. Donec egestas. Aliquam nec enim. Nunc ut erat.','condimentum. Donec at arcu.','urna. Ut tincidunt vehicula risus. Nulla eget metus eu erat','Sun, 26 Nov 2017 21:26:35 -0800',3);
INSERT INTO "artigo" (id_artigo,nm_titulo_artigo,nm_resumo_artigo,nm_artigo,dt_envio_artigo,qt_revisoes_artigo) VALUES (21,'nec, diam. Duis mi enim, condimentum eget, volutpat ornare, facilisis','sit amet, risus. Donec nibh enim, gravida sit amet,','consequat auctor, nunc nulla vulputate dui, nec tempus mauris erat','Tue, 18 Dec 2018 23:20:27 -0800',9),(22,'vitae mauris sit amet lorem semper auctor. Mauris vel turpis.','a,','diam. Duis mi enim, condimentum eget, volutpat ornare, facilisis eget,','Tue, 24 Apr 2018 20:13:19 -0700',8),(23,'diam lorem, auctor quis, tristique ac, eleifend vitae, erat. Vivamus','lacus','molestie arcu. Sed eu nibh vulputate mauris sagittis placerat. Cras','Thu, 21 Jun 2018 03:31:27 -0700',10),(24,'nisi a odio semper cursus. Integer mollis. Integer tincidunt aliquam','in faucibus orci luctus et','pretium aliquet, metus urna convallis erat, eget tincidunt dui augue','Wed, 20 Feb 2019 22:51:21 -0800',2),(25,'Integer urna. Vivamus molestie dapibus ligula. Aliquam erat volutpat. Nulla','ut aliquam iaculis, lacus pede','placerat velit. Quisque varius. Nam porttitor scelerisque neque. Nullam nisl.','Fri, 19 Jan 2018 18:55:22 -0800',10),(26,'posuere vulputate, lacus. Cras interdum. Nunc sollicitudin commodo ipsum. Suspendisse','consequat auctor, nunc nulla vulputate dui, nec tempus mauris erat','tellus. Aenean egestas hendrerit neque. In ornare sagittis felis. Donec','Sat, 22 Jul 2017 07:27:37 -0700',5),(27,'augue porttitor interdum. Sed auctor odio a purus. Duis elementum,','sit amet massa. Quisque porttitor eros','enim, condimentum eget, volutpat ornare, facilisis eget, ipsum. Donec sollicitudin','Wed, 10 Jan 2018 19:31:24 -0800',9),(28,'eleifend non, dapibus rutrum, justo. Praesent luctus. Curabitur egestas nunc','justo','Aenean euismod mauris eu elit. Nulla facilisi. Sed neque. Sed','Wed, 06 Dec 2017 23:52:33 -0800',8),(29,'Mauris quis turpis vitae purus gravida sagittis. Duis gravida. Praesent','quis arcu vel quam dignissim pharetra. Nam ac nulla. In','quam. Pellentesque habitant morbi tristique senectus et netus et malesuada','Sun, 30 Jul 2017 07:52:35 -0700',8),(30,'enim. Nunc ut erat. Sed nunc est, mollis non, cursus','Duis gravida. Praesent eu nulla','Phasellus dapibus quam quis diam. Pellentesque habitant morbi tristique senectus','Mon, 10 Sep 2018 16:36:39 -0700',4);
INSERT INTO "artigo" (id_artigo,nm_titulo_artigo,nm_resumo_artigo,nm_artigo,dt_envio_artigo,qt_revisoes_artigo) VALUES (31,'quis, pede. Suspendisse dui. Fusce diam nunc, ullamcorper eu, euismod','id, mollis nec, cursus a,','dis parturient montes, nascetur ridiculus mus. Proin vel nisl. Quisque','Sun, 10 Dec 2017 01:48:17 -0800',9),(32,'Suspendisse commodo tincidunt nibh. Phasellus nulla. Integer vulputate, risus a','luctus, ipsum leo elementum','Maecenas ornare egestas ligula. Nullam feugiat placerat velit. Quisque varius.','Wed, 02 Aug 2017 03:27:18 -0700',6),(33,'leo elementum sem, vitae aliquam eros turpis non enim. Mauris','arcu. Morbi sit amet massa. Quisque','posuere at, velit. Cras lorem lorem, luctus ut, pellentesque eget,','Sun, 25 Jun 2017 01:55:47 -0700',3),(34,'aliquet odio. Etiam ligula tortor, dictum eu, placerat eget, venenatis','mus. Proin vel arcu eu odio','urna. Ut tincidunt vehicula risus. Nulla eget metus eu erat','Mon, 19 Mar 2018 12:07:26 -0700',7),(35,'mauris. Suspendisse aliquet molestie tellus. Aenean egestas hendrerit neque. In','bibendum sed, est.','at, iaculis quis, pede. Praesent eu dui. Cum sociis natoque','Mon, 31 Dec 2018 12:00:44 -0800',5),(36,'purus. Maecenas libero est, congue a, aliquet vel, vulputate eu,','arcu. Sed eu nibh vulputate mauris sagittis placerat.','sem magna nec quam. Curabitur vel lectus. Cum sociis natoque','Tue, 02 Apr 2019 06:56:06 -0700',2),(37,'nulla. Donec non justo. Proin non massa non ante bibendum','augue','arcu. Sed eu nibh vulputate mauris sagittis placerat. Cras dictum','Wed, 27 Feb 2019 10:16:27 -0800',5),(38,'Proin vel nisl. Quisque fringilla euismod enim. Etiam gravida molestie','facilisis non, bibendum sed,','nascetur ridiculus mus. Proin vel nisl. Quisque fringilla euismod enim.','Fri, 11 Jan 2019 23:57:27 -0800',2),(39,'fermentum metus. Aenean sed pede nec ante blandit viverra. Donec','lacus. Quisque','eget metus eu erat semper rutrum. Fusce dolor quam, elementum','Thu, 08 Feb 2018 05:49:49 -0800',6),(40,'Aenean egestas hendrerit neque. In ornare sagittis felis. Donec tempor,','aliquam eu, accumsan sed,','auctor, velit eget laoreet posuere, enim nisl elementum purus, accumsan','Thu, 30 May 2019 17:19:02 -0700',1);
INSERT INTO "artigo" (id_artigo,nm_titulo_artigo,nm_resumo_artigo,nm_artigo,dt_envio_artigo,qt_revisoes_artigo) VALUES (41,'Vivamus rhoncus. Donec est. Nunc ullamcorper, velit in aliquet lobortis,','eu turpis. Nulla','aliquam iaculis, lacus pede sagittis augue, eu tempor erat neque','Sat, 11 Aug 2018 10:14:37 -0700',5),(42,'Donec egestas. Aliquam nec enim. Nunc ut erat. Sed nunc','ultrices, mauris','fames ac turpis egestas. Fusce aliquet magna a neque. Nullam','Sat, 01 Dec 2018 06:55:10 -0800',10),(43,'magna nec quam. Curabitur vel lectus. Cum sociis natoque penatibus','Cum sociis natoque penatibus et magnis','sit amet, faucibus ut, nulla. Cras eu tellus eu augue','Sat, 27 Apr 2019 11:15:16 -0700',2),(44,'sem egestas blandit. Nam nulla magna, malesuada vel, convallis in,','risus. Duis a mi fringilla mi lacinia','sagittis. Duis gravida. Praesent eu nulla at sem molestie sodales.','Wed, 18 Jul 2018 02:53:02 -0700',10),(45,'eget odio. Aliquam vulputate ullamcorper magna. Sed eu eros. Nam','neque. Sed eget lacus. Mauris non dui','Proin dolor. Nulla semper tellus id nunc interdum feugiat. Sed','Wed, 21 Mar 2018 20:10:48 -0700',4),(46,'lobortis quam a felis ullamcorper viverra. Maecenas iaculis aliquet diam.','sit','suscipit nonummy. Fusce fermentum fermentum arcu. Vestibulum ante ipsum primis','Thu, 30 May 2019 15:26:07 -0700',7),(47,'lacinia. Sed congue, elit sed consequat auctor, nunc nulla vulputate','sapien. Nunc pulvinar arcu','vel turpis. Aliquam adipiscing lobortis risus. In mi pede, nonummy','Tue, 12 Jun 2018 09:44:02 -0700',9),(48,'dignissim. Maecenas ornare egestas ligula. Nullam feugiat placerat velit. Quisque','auctor non, feugiat','urna, nec luctus felis purus ac tellus. Suspendisse sed dolor.','Sun, 04 Feb 2018 00:04:16 -0800',10),(49,'sed leo. Cras vehicula aliquet libero. Integer in magna. Phasellus','sodales elit erat vitae risus. Duis','ac sem ut dolor dapibus gravida. Aliquam tincidunt, nunc ac','Sun, 24 Feb 2019 19:22:09 -0800',10),(50,'Sed dictum. Proin eget odio. Aliquam vulputate ullamcorper magna. Sed','euismod urna. Nullam lobortis quam a felis','litora torquent per conubia nostra, per inceptos hymenaeos. Mauris ut','Mon, 25 Feb 2019 10:14:12 -0800',2);
INSERT INTO "artigo" (id_artigo,nm_titulo_artigo,nm_resumo_artigo,nm_artigo,dt_envio_artigo,qt_revisoes_artigo) VALUES (51,'Vivamus sit amet risus. Donec egestas. Aliquam nec enim. Nunc','non massa non ante bibendum ullamcorper. Duis','Sed et libero. Proin mi. Aliquam gravida mauris ut mi.','Fri, 02 Mar 2018 16:16:12 -0800',7),(52,'bibendum ullamcorper. Duis cursus, diam at pretium aliquet, metus urna','rutrum eu, ultrices sit amet, risus. Donec nibh enim,','ac ipsum. Phasellus vitae mauris sit amet lorem semper auctor.','Wed, 16 May 2018 23:09:06 -0700',8),(53,'vehicula aliquet libero. Integer in magna. Phasellus dolor elit, pellentesque','est, mollis','purus ac tellus. Suspendisse sed dolor. Fusce mi lorem, vehicula','Thu, 22 Jun 2017 19:20:28 -0700',1),(54,'non nisi. Aenean eget metus. In nec orci. Donec nibh.','nec tempus scelerisque, lorem ipsum sodales purus, in molestie','fringilla euismod enim. Etiam gravida molestie arcu. Sed eu nibh','Sun, 06 Aug 2017 05:54:59 -0700',9),(55,'Nulla eu neque pellentesque massa lobortis ultrices. Vivamus rhoncus. Donec','ut, pharetra sed, hendrerit a, arcu. Sed et libero.','urna justo faucibus lectus, a sollicitudin orci sem eget massa.','Thu, 01 Mar 2018 18:27:38 -0800',9),(56,'non quam. Pellentesque habitant morbi tristique senectus et netus et','aliquam arcu. Aliquam ultrices iaculis odio. Nam','Aliquam erat volutpat. Nulla facilisis. Suspendisse commodo tincidunt nibh. Phasellus','Mon, 15 Oct 2018 21:59:53 -0700',9),(57,'ante, iaculis nec, eleifend non, dapibus rutrum, justo. Praesent luctus.','vestibulum','Quisque tincidunt pede ac urna. Ut tincidunt vehicula risus. Nulla','Tue, 05 Sep 2017 11:41:27 -0700',5),(58,'semper tellus id nunc interdum feugiat. Sed nec metus facilisis','at augue id ante dictum cursus. Nunc mauris elit,','sit amet, risus. Donec nibh enim, gravida sit amet, dapibus','Sat, 25 Aug 2018 08:02:26 -0700',4),(59,'fermentum risus, at fringilla purus mauris a nunc. In at','est ac facilisis facilisis, magna tellus','sed orci lobortis augue scelerisque mollis. Phasellus libero mauris, aliquam','Wed, 05 Jul 2017 03:22:52 -0700',10),(60,'erat. Sed nunc est, mollis non, cursus non, egestas a,','ac urna. Ut','venenatis vel, faucibus id, libero. Donec consectetuer mauris id sapien.','Tue, 01 Aug 2017 22:27:48 -0700',5);
INSERT INTO "artigo" (id_artigo,nm_titulo_artigo,nm_resumo_artigo,nm_artigo,dt_envio_artigo,qt_revisoes_artigo) VALUES (61,'facilisi. Sed neque. Sed eget lacus. Mauris non dui nec','pulvinar arcu','in faucibus orci luctus et ultrices posuere cubilia Curae; Donec','Fri, 13 Oct 2017 12:46:44 -0700',2),(62,'Proin mi. Aliquam gravida mauris ut mi. Duis risus odio,','pretium neque. Morbi quis urna. Nunc quis arcu vel','non, lacinia at, iaculis quis, pede. Praesent eu dui. Cum','Tue, 25 Dec 2018 09:20:34 -0800',10),(63,'venenatis vel, faucibus id, libero. Donec consectetuer mauris id sapien.','Quisque nonummy','feugiat non, lobortis quis, pede. Suspendisse dui. Fusce diam nunc,','Fri, 10 May 2019 03:26:20 -0700',3),(64,'pellentesque. Sed dictum. Proin eget odio. Aliquam vulputate ullamcorper magna.','sem egestas blandit. Nam nulla magna, malesuada vel, convallis in,','nisi. Aenean eget metus. In nec orci. Donec nibh. Quisque','Tue, 27 Feb 2018 16:44:18 -0800',2),(65,'vel, convallis in, cursus et, eros. Proin ultrices. Duis volutpat','dui. Cras','Duis a mi fringilla mi lacinia mattis. Integer eu lacus.','Sat, 12 May 2018 13:46:32 -0700',5),(66,'iaculis enim, sit amet ornare lectus justo eu arcu. Morbi','dapibus rutrum,','nonummy ut, molestie in, tempus eu, ligula. Aenean euismod mauris','Tue, 05 Feb 2019 11:31:16 -0800',5),(67,'Suspendisse sagittis. Nullam vitae diam. Proin dolor. Nulla semper tellus','mollis nec, cursus a, enim. Suspendisse aliquet, sem','iaculis nec, eleifend non, dapibus rutrum, justo. Praesent luctus. Curabitur','Mon, 04 Dec 2017 12:09:01 -0800',5),(68,'Proin non massa non ante bibendum ullamcorper. Duis cursus, diam','dolor egestas rhoncus.','netus et malesuada fames ac turpis egestas. Aliquam fringilla cursus','Wed, 27 Mar 2019 20:06:33 -0700',10),(69,'felis purus ac tellus. Suspendisse sed dolor. Fusce mi lorem,','sit amet lorem','Nunc ullamcorper, velit in aliquet lobortis, nisi nibh lacinia orci,','Sat, 26 May 2018 14:28:29 -0700',1),(70,'tempus eu, ligula. Aenean euismod mauris eu elit. Nulla facilisi.','mi. Duis risus','Pellentesque ut ipsum ac mi eleifend egestas. Sed pharetra, felis','Sat, 29 Sep 2018 00:40:00 -0700',2);
INSERT INTO "artigo" (id_artigo,nm_titulo_artigo,nm_resumo_artigo,nm_artigo,dt_envio_artigo,qt_revisoes_artigo) VALUES (71,'metus sit amet ante. Vivamus non lorem vitae odio sagittis','metus. Aenean sed pede nec ante','pharetra. Nam ac nulla. In tincidunt congue turpis. In condimentum.','Wed, 21 Jun 2017 22:47:56 -0700',2),(72,'quis lectus. Nullam suscipit, est ac facilisis facilisis, magna tellus','aliquet magna a neque. Nullam ut nisi a odio semper','gravida molestie arcu. Sed eu nibh vulputate mauris sagittis placerat.','Mon, 10 Dec 2018 05:19:03 -0800',2),(73,'nisl. Quisque fringilla euismod enim. Etiam gravida molestie arcu. Sed','porttitor scelerisque neque.','In lorem. Donec elementum, lorem ut aliquam iaculis, lacus pede','Fri, 27 Apr 2018 06:33:59 -0700',8),(74,'metus facilisis lorem tristique aliquet. Phasellus fermentum convallis ligula. Donec','Nullam lobortis quam a','mi. Duis risus odio, auctor vitae, aliquet nec, imperdiet nec,','Wed, 30 Jan 2019 09:01:08 -0800',3),(75,'gravida sit amet, dapibus id, blandit at, nisi. Cum sociis','adipiscing, enim mi tempor lorem, eget','auctor non, feugiat nec, diam. Duis mi enim, condimentum eget,','Sun, 03 Dec 2017 00:35:50 -0800',8),(76,'aptent taciti sociosqu ad litora torquent per conubia nostra, per','urna, nec luctus felis purus ac tellus. Suspendisse sed','dui quis accumsan convallis, ante lectus convallis est, vitae sodales','Fri, 22 Dec 2017 18:19:20 -0800',1),(77,'viverra. Maecenas iaculis aliquet diam. Sed diam lorem, auctor quis,','nibh. Aliquam ornare, libero at auctor ullamcorper,','feugiat. Sed nec metus facilisis lorem tristique aliquet. Phasellus fermentum','Fri, 08 Mar 2019 06:40:40 -0800',7),(78,'sagittis augue, eu tempor erat neque non quam. Pellentesque habitant','et magnis','Curabitur dictum. Phasellus in felis. Nulla tempor augue ac ipsum.','Sat, 19 Aug 2017 11:45:09 -0700',4),(79,'Integer aliquam adipiscing lacus. Ut nec urna et arcu imperdiet','Donec luctus aliquet odio. Etiam ligula tortor, dictum','Nunc lectus pede, ultrices a, auctor non, feugiat nec, diam.','Sun, 14 Apr 2019 15:57:56 -0700',7),(80,'Nullam nisl. Maecenas malesuada fringilla est. Mauris eu turpis. Nulla','Pellentesque habitant morbi tristique senectus et netus et','Ut sagittis lobortis mauris. Suspendisse aliquet molestie tellus. Aenean egestas','Fri, 02 Nov 2018 17:46:21 -0700',2);
INSERT INTO "artigo" (id_artigo,nm_titulo_artigo,nm_resumo_artigo,nm_artigo,dt_envio_artigo,qt_revisoes_artigo) VALUES (81,'Proin ultrices. Duis volutpat nunc sit amet metus. Aliquam erat','ornare','Integer tincidunt aliquam arcu. Aliquam ultrices iaculis odio. Nam interdum','Fri, 22 Mar 2019 00:08:08 -0700',3),(82,'adipiscing elit. Curabitur sed tortor. Integer aliquam adipiscing lacus. Ut','porttitor scelerisque neque.','Cras sed leo. Cras vehicula aliquet libero. Integer in magna.','Sat, 02 Mar 2019 09:35:30 -0800',10),(83,'vel est tempor bibendum. Donec felis orci, adipiscing non, luctus','Etiam gravida molestie arcu. Sed','malesuada fames ac turpis egestas. Fusce aliquet magna a neque.','Fri, 11 Jan 2019 12:21:31 -0800',3),(84,'aliquet magna a neque. Nullam ut nisi a odio semper','massa. Mauris vestibulum, neque sed dictum','et libero. Proin mi. Aliquam gravida mauris ut mi. Duis','Sat, 04 Nov 2017 00:00:27 -0700',9),(85,'odio. Etiam ligula tortor, dictum eu, placerat eget, venenatis a,','pede nec ante blandit viverra.','ornare. In faucibus. Morbi vehicula. Pellentesque tincidunt tempus risus. Donec','Thu, 21 Dec 2017 22:00:47 -0800',2),(86,'et magnis dis parturient montes, nascetur ridiculus mus. Donec dignissim','ipsum. Suspendisse sagittis. Nullam vitae diam. Proin dolor.','nec tempus scelerisque, lorem ipsum sodales purus, in molestie tortor','Fri, 26 Oct 2018 23:25:41 -0700',2),(87,'sem semper erat, in consectetuer ipsum nunc id enim. Curabitur','montes, nascetur ridiculus mus. Proin vel arcu eu odio','tristique pharetra. Quisque ac libero nec ligula consectetuer rhoncus. Nullam','Sat, 28 Jul 2018 21:28:02 -0700',10),(88,'pharetra, felis eget varius ultrices, mauris ipsum porta elit, a','orci luctus','amet nulla. Donec non justo. Proin non massa non ante','Mon, 19 Jun 2017 16:37:44 -0700',6),(89,'scelerisque mollis. Phasellus libero mauris, aliquam eu, accumsan sed, facilisis','velit dui,','cursus in, hendrerit consectetuer, cursus et, magna. Praesent interdum ligula','Sun, 21 Oct 2018 06:52:56 -0700',10),(90,'odio. Nam interdum enim non nisi. Aenean eget metus. In','pellentesque','Etiam laoreet, libero et tristique pellentesque, tellus sem mollis dui,','Mon, 25 Feb 2019 19:42:13 -0800',7);
INSERT INTO "artigo" (id_artigo,nm_titulo_artigo,nm_resumo_artigo,nm_artigo,dt_envio_artigo,qt_revisoes_artigo) VALUES (91,'auctor vitae, aliquet nec, imperdiet nec, leo. Morbi neque tellus,','consequat purus. Maecenas libero est,','lacus, varius et, euismod et, commodo at, libero. Morbi accumsan','Fri, 07 Jun 2019 16:34:55 -0700',10),(92,'vulputate, risus a ultricies adipiscing, enim mi tempor lorem, eget','consectetuer adipiscing elit. Aliquam','consectetuer rhoncus. Nullam velit dui, semper et, lacinia vitae, sodales','Thu, 28 Sep 2017 14:45:26 -0700',1),(93,'ac ipsum. Phasellus vitae mauris sit amet lorem semper auctor.','sit amet, dapibus id,','a purus. Duis elementum, dui quis accumsan convallis, ante lectus','Wed, 04 Oct 2017 11:41:58 -0700',7),(94,'a, arcu. Sed et libero. Proin mi. Aliquam gravida mauris','imperdiet dictum magna.','id, ante. Nunc mauris sapien, cursus in, hendrerit consectetuer, cursus','Wed, 30 Aug 2017 15:37:35 -0700',3),(95,'fermentum metus. Aenean sed pede nec ante blandit viverra. Donec','Aenean','Phasellus dapibus quam quis diam. Pellentesque habitant morbi tristique senectus','Tue, 09 Apr 2019 00:12:56 -0700',7),(96,'aliquet nec, imperdiet nec, leo. Morbi neque tellus, imperdiet non,','Nunc ullamcorper, velit in aliquet','a, malesuada id, erat. Etiam vestibulum massa rutrum magna. Cras','Thu, 08 Feb 2018 02:03:10 -0800',7),(97,'risus quis diam luctus lobortis. Class aptent taciti sociosqu ad','vitae, erat. Vivamus nisi. Mauris nulla.','eu nibh vulputate mauris sagittis placerat. Cras dictum ultricies ligula.','Sat, 16 Dec 2017 07:34:14 -0800',7),(98,'ante dictum cursus. Nunc mauris elit, dictum eu, eleifend nec,','euismod et, commodo at, libero. Morbi accumsan laoreet ipsum. Curabitur','eget odio. Aliquam vulputate ullamcorper magna. Sed eu eros. Nam','Wed, 06 Dec 2017 22:50:31 -0800',2),(99,'fringilla. Donec feugiat metus sit amet ante. Vivamus non lorem','dictum. Phasellus in felis.','molestie dapibus ligula. Aliquam erat volutpat. Nulla dignissim. Maecenas ornare','Sun, 21 Apr 2019 23:22:47 -0700',1),(100,'tincidunt pede ac urna. Ut tincidunt vehicula risus. Nulla eget','velit dui, semper et, lacinia vitae, sodales at, velit.','ornare. Fusce mollis. Duis sit amet diam eu dolor egestas','Wed, 28 Feb 2018 10:30:21 -0800',2);
INSERT INTO "participante" (id_participante,nm_participante,nm_endereco_participante,nu_tel_participante,nm_email_participante,nm_empresa_participante,nm_login_participante,nm_senha_participante) VALUES (1,'Sloane','5506 Vehicula Av.','1-838-639-1725','Morbi.sit.amet@magna.org','Quis Diam Associates','Jefferson','MLU87AAL3OB'),(2,'Chaney','3862 Sed Road','1-439-625-9641','elit.Etiam.laoreet@idblandit.net','Ultrices A Auctor Inc.','Roman','OGF31ORN8TA'),(3,'Owen','P.O. Box 368, 158 Id Ave','1-169-871-9836','augue.eu.tellus@semconsequat.edu','Faucibus PC','Mendoza','QXA57VHA2WE'),(4,'Simone','P.O. Box 935, 4812 Id Av.','1-410-350-7322','egestas.Aliquam@magnis.net','Leo Elementum Consulting','Armstrong','NEG99PXY9UI'),(5,'Mary','Ap #690-3561 Nibh Ave','1-209-816-2491','pede.nonummy.ut@acmetus.com','Ligula Corporation','Hoover','URD60SLA5NY'),(6,'Allistair','P.O. Box 472, 3924 Duis Av.','1-586-127-8706','quis.lectus@maurisa.co.uk','Dolor Sit Company','Franco','GWF51RVD2AN'),(7,'Uma','P.O. Box 828, 5402 Libero Ave','1-347-776-0249','accumsan.interdum.libero@enimSuspendissealiquet.ca','Ligula Aliquam Industries','Roberson','HHO51UWT6UH'),(8,'Dale','Ap #746-6503 Duis St.','1-338-494-7331','egestas@purusDuiselementum.edu','Dolor Sit LLC','Simpson','VII29NXT2IN'),(9,'Cadman','Ap #376-4741 Dolor, Rd.','1-771-614-3215','interdum.Sed.auctor@egestasAliquam.com','Luctus Ipsum Leo Ltd','Stanley','RKN40NTG6DR'),(10,'Anthony','P.O. Box 444, 2854 Sed Road','1-341-539-1384','metus.facilisis.lorem@cursus.ca','Rutrum Corp.','Warren','KCB25FOH4HX');
INSERT INTO "participante" (id_participante,nm_participante,nm_endereco_participante,nu_tel_participante,nm_email_participante,nm_empresa_participante,nm_login_participante,nm_senha_participante) VALUES (11,'Phillip','Ap #294-8618 Nulla Rd.','1-636-936-6934','semper@lobortis.com','Nullam PC','Hunt','DHI99ODA5CP'),(12,'Shelby','6944 Sed Ave','1-354-904-9324','aliquet@purusgravida.ca','Elit Pellentesque A Associates','Perkins','GAW73GSP4UK'),(13,'Tanek','7731 Lectus Av.','1-571-687-7325','porttitor.scelerisque.neque@Maecenasmifelis.co.uk','Nulla Cras Eu Consulting','Rosa','RTT04ILX7FS'),(14,'Adara','2363 Aliquam St.','1-131-741-1985','urna@rhoncusProin.com','Eu Odio PC','Hester','VDC57OGV2AR'),(15,'Dustin','6567 Vel, Av.','1-996-691-1571','ut@Integer.co.uk','Dui Cras Industries','Rose','RIJ11MXX0BI'),(16,'Ulla','445 Diam Ave','1-832-951-1364','non.dapibus.rutrum@viverraMaecenasiaculis.net','Vel Arcu Incorporated','Salazar','HVL54XAJ4QS'),(17,'Clark','P.O. Box 485, 1310 Proin St.','1-841-977-9928','nec@risusInmi.co.uk','Purus Sapien Incorporated','Hubbard','ZKO38WCG4FB'),(18,'Wendy','528-4526 Elit Street','1-330-370-7464','odio.tristique.pharetra@rhoncusProin.com','Mollis Lectus Limited','Velasquez','STA37HLW7TB'),(19,'Walter','Ap #442-389 Venenatis St.','1-166-235-3640','eleifend.nunc.risus@ullamcorpermagna.com','Et Libero Incorporated','Casey','VNH86ONP1DZ'),(20,'Lillian','7009 Tempor Rd.','1-291-189-6580','sagittis@Vestibulum.co.uk','Integer Incorporated','Lane','ZOZ17FDZ0YF');
INSERT INTO "participante" (id_participante,nm_participante,nm_endereco_participante,nu_tel_participante,nm_email_participante,nm_empresa_participante,nm_login_participante,nm_senha_participante) VALUES (21,'Brynn','Ap #290-6497 Morbi Rd.','1-412-389-9213','ullamcorper.nisl.arcu@Nullamut.ca','Arcu Limited','Ortiz','VUM61XQQ7JT'),(22,'Catherine','503-6677 Facilisis Road','1-330-937-6252','In@Aliquamnisl.co.uk','Vitae Risus Duis Inc.','Collins','QYO85XCG8BO'),(23,'Daquan','Ap #651-3008 Ac, Rd.','1-810-865-0693','mus.Aenean.eget@tinciduntDonec.ca','Enim Non LLC','Reed','KTV81DMJ9YM'),(24,'Deanna','Ap #543-2517 Amet Rd.','1-173-677-7648','erat.Vivamus.nisi@dapibusligula.org','Tellus LLC','Stafford','OOW38QSX2OY'),(25,'Ursa','132-3537 In Road','1-901-683-5519','parturient.montes.nascetur@convallis.ca','Turpis Non Enim Foundation','Guthrie','BDS17GXS6GE'),(26,'Fletcher','7867 Eu, St.','1-496-286-1386','Curabitur.egestas.nunc@Donec.net','Amet Ante Vivamus Company','Gaines','RLD14OPO6UI'),(27,'Martin','144-219 Risus Street','1-600-170-1080','penatibus.et.magnis@Fusce.edu','Quam Quis Ltd','Jarvis','CDA42TAY0QU'),(28,'Hoyt','Ap #800-3508 Cras Rd.','1-512-100-1423','lorem.Donec.elementum@faucibusleo.ca','Mauris Molestie Pharetra Consulting','Edwards','SUN73ZUO2HJ'),(29,'Troy','Ap #900-4717 Suscipit, Rd.','1-624-531-1671','non@musAeneaneget.ca','Cum Sociis Corporation','Gomez','YVX31FXX4XH'),(30,'Ira','Ap #285-5763 Nascetur Avenue','1-806-988-3587','a.feugiat@parturientmontes.edu','Convallis Est LLP','Glover','IXB71NPO1HS');
INSERT INTO "participante" (id_participante,nm_participante,nm_endereco_participante,nu_tel_participante,nm_email_participante,nm_empresa_participante,nm_login_participante,nm_senha_participante) VALUES (31,'Eaton','P.O. Box 975, 7435 Morbi Road','1-127-862-9626','dolor@eunullaat.org','Sollicitudin Orci Sem Corp.','Burns','XBU57RCD0LO'),(32,'Clark','P.O. Box 610, 8594 Pede. Road','1-101-980-9092','nonummy.ut@aliquam.com','Donec Tempor Consulting','Hull','YVH84GHU7CG'),(33,'Fiona','Ap #292-8159 Libero. Rd.','1-743-540-6541','luctus@eleifendCrassed.org','Egestas Limited','Harvey','AID55EPO8TK'),(34,'Eaton','942 Magna. Rd.','1-573-495-6544','Praesent@non.edu','Metus Vivamus Institute','Henderson','JPC00TQR5XT'),(35,'Ian','2305 Vel Road','1-341-942-0314','pede.ultrices@Nam.edu','Cursus Limited','Little','JFP51SMI2CV'),(36,'Vernon','965-8821 Et Avenue','1-416-223-5744','quis@quamPellentesque.net','Sit Amet Consectetuer PC','Odonnell','YGN30BTM0LV'),(37,'Deanna','6258 Elit Road','1-352-289-3250','nisl.Nulla@velitSed.org','Ipsum Phasellus Industries','Lucas','EKH38MTH6HL'),(38,'Rose','3101 Vitae Ave','1-555-151-0423','id.nunc@liberoest.org','Quis Arcu Vel LLP','Mercer','ZZP47RIQ1HA'),(39,'Uma','835-3750 Amet, St.','1-125-795-6117','viverra.Donec.tempus@rutrum.com','In Institute','Mosley','YFQ64VDV9ND'),(40,'Shaine','1284 Dis Rd.','1-263-325-2970','dapibus.ligula@loremfringillaornare.net','Vitae PC','Abbott','JUA78PVF6LJ');
INSERT INTO "participante" (id_participante,nm_participante,nm_endereco_participante,nu_tel_participante,nm_email_participante,nm_empresa_participante,nm_login_participante,nm_senha_participante) VALUES (41,'Aphrodite','P.O. Box 408, 5610 Eget Street','1-698-993-0904','et@non.edu','Et Associates','Mendez','FKN17GEP7IQ'),(42,'Christian','Ap #309-3760 Ullamcorper St.','1-222-262-1337','non.leo.Vivamus@rutrumurna.co.uk','Sit Industries','Cruz','LHG81UJP2SJ'),(43,'Mercedes','Ap #511-8391 Nullam Ave','1-942-834-5590','erat@Seddictum.com','Pede PC','Poole','OBP07ZYJ1ZG'),(44,'Alden','8138 Montes, Avenue','1-508-954-3679','Nullam.scelerisque.neque@adlitoratorquent.edu','Vivamus Non LLP','Maldonado','JJH69NUV6PK'),(45,'Brittany','P.O. Box 448, 937 Sit Ave','1-928-724-6083','Nullam.velit@Nullasemper.edu','Vitae Sodales At LLP','Castro','QUD72ZUP5SS'),(46,'Hedy','256-6932 Fermentum Street','1-779-554-9465','odio@tincidunt.ca','Dictum Phasellus In Ltd','Guzman','WNF42PGP2IW'),(47,'Edan','Ap #565-2536 Nunc St.','1-136-664-9295','consequat.nec@urnaconvalliserat.co.uk','Aliquam LLC','Wells','FGX12PDC7MJ'),(48,'Amethyst','Ap #358-2250 Sociis St.','1-775-475-1705','lobortis.Class.aptent@sempercursus.org','Risus Duis Industries','Kane','FFX70BZP1PR'),(49,'Wylie','Ap #788-5959 Erat St.','1-985-971-3651','ipsum.dolor.sit@inceptoshymenaeos.com','A Enim Suspendisse Corp.','Hull','KRI41CXS7JK'),(50,'Martin','262-6954 Ridiculus Street','1-269-243-0298','volutpat.ornare@augueid.edu','Luctus Ut Consulting','Burns','WWF78DXO5AB');
INSERT INTO "participante" (id_participante,nm_participante,nm_endereco_participante,nu_tel_participante,nm_email_participante,nm_empresa_participante,nm_login_participante,nm_senha_participante) VALUES (51,'Roanna','Ap #133-5801 Eget Ave','1-397-548-8020','hendrerit@Maurisnulla.net','In Lorem Consulting','Holmes','GDU79YIV6UK'),(52,'Hashim','Ap #355-574 Orci Av.','1-633-680-6544','et.rutrum@elit.edu','Aptent Taciti Consulting','Leblanc','RMB03POV4YA'),(53,'TaShya','P.O. Box 650, 6681 Vulputate St.','1-742-239-5882','dapibus@velconvallisin.net','Nonummy Consulting','Hampton','XWA62DJC4ZS'),(54,'Shelby','P.O. Box 258, 8866 Ultrices Avenue','1-847-149-3743','nibh.Aliquam@purus.net','In Condimentum Industries','Tate','DTW45ABR3FC'),(55,'Reece','P.O. Box 765, 7633 Phasellus Street','1-434-622-0960','orci@magnisdis.ca','Erat Nonummy LLP','Finch','ZJH08UAM8CW'),(56,'Samuel','205-4839 Tempor St.','1-692-353-8796','urna.suscipit@cursusdiam.net','Lorem Associates','Gonzales','NHZ50JPD2KL'),(57,'Chastity','P.O. Box 329, 352 Sodales St.','1-955-959-1668','nisl.sem.consequat@nullamagnamalesuada.edu','Ipsum Incorporated','Hunt','BYQ93XHF2WK'),(58,'Neve','P.O. Box 386, 150 Dapibus Av.','1-921-256-6850','molestie.tellus.Aenean@fermentum.ca','Egestas Nunc Incorporated','Allison','ODY74YDR7SO'),(59,'Craig','P.O. Box 318, 3175 Arcu. Road','1-614-136-0942','dolor@eleifend.net','Nibh LLC','Donovan','AHW54IMT0BU'),(60,'Yuli','567-1988 Suspendisse St.','1-876-145-3710','elit@metusAeneansed.co.uk','Nisl Nulla Eu Ltd','Moses','NEK55DGM5SR');
INSERT INTO "participante" (id_participante,nm_participante,nm_endereco_participante,nu_tel_participante,nm_email_participante,nm_empresa_participante,nm_login_participante,nm_senha_participante) VALUES (61,'Conan','4413 Posuere Street','1-566-786-2504','ipsum.non@magna.edu','Justo Nec Ante Incorporated','Morales','HMS76IYN9ZA'),(62,'Clayton','Ap #376-4263 Dictum Road','1-160-930-2890','Nunc.pulvinar.arcu@dictummagna.ca','Orci Phasellus Dapibus Inc.','Willis','GLC50FYU8TP'),(63,'Ruby','212-6055 Blandit Street','1-647-205-0101','ut.pellentesque.eget@maurisipsumporta.org','Hendrerit PC','Holland','JRG34QJB7TH'),(64,'Xena','Ap #744-1465 Pharetra. Rd.','1-480-319-2862','neque@rutrumFusce.edu','Venenatis Vel Inc.','Mcclain','TJN40CPH1FN'),(65,'Noble','3084 Dolor St.','1-818-531-7759','adipiscing.elit@sedsapien.com','Vulputate Dui Nec Corp.','Ayers','MTZ10PJM4FU'),(66,'Rafael','P.O. Box 132, 3472 Pede Road','1-850-299-3275','dignissim.tempor.arcu@magna.net','Aenean Eget Magna LLP','Bean','JQO62IVA4AP'),(67,'Darryl','501-9728 Sed Road','1-904-329-4177','ut@In.net','Auctor Vitae Aliquet Consulting','Ball','LNE93ECW5DY'),(68,'Tobias','8272 Montes, Street','1-414-202-1288','nunc.In.at@placerat.ca','Sed Et Libero Industries','Beasley','ZAI63XKW1OQ'),(69,'Rinah','367-975 Sodales. Av.','1-479-424-9685','pede.Cras@vitaenibhDonec.edu','Velit Consulting','Fernandez','ZVW21WER1PG'),(70,'Drake','Ap #585-5767 Cras Rd.','1-677-868-1739','ac@Ut.org','Arcu LLP','Murray','FQZ72XZM5VY');
INSERT INTO "participante" (id_participante,nm_participante,nm_endereco_participante,nu_tel_participante,nm_email_participante,nm_empresa_participante,nm_login_participante,nm_senha_participante) VALUES (71,'Malachi','Ap #313-2383 Dapibus Ave','1-929-869-2252','amet@Morbiaccumsan.ca','Sed Pede Nec PC','Santana','TTQ75NMN8VD'),(72,'Joan','Ap #525-5656 Neque. Avenue','1-523-922-7081','auctor.velit.Aliquam@eleifendnondapibus.org','Adipiscing Company','Joseph','HFP55MQA7WH'),(73,'Francesca','7170 Fringilla Rd.','1-297-519-2716','dolor.vitae@Classaptenttaciti.com','Mattis Integer Institute','Hopkins','GZY60PEX2WB'),(74,'Mufutau','593 Id Road','1-578-714-6637','Aenean@eu.co.uk','Libero Limited','Hester','VHC15MTP9AV'),(75,'James','373-1318 Diam St.','1-842-469-0293','cursus@Integermollis.net','Arcu Vestibulum Industries','Fletcher','BYJ36KAY1RP'),(76,'Marny','Ap #976-904 Amet Road','1-805-991-1715','mi.lorem@magna.ca','Eget Dictum Placerat LLC','Wiley','XOX62NBB3VH'),(77,'Gareth','P.O. Box 125, 2980 Mollis. St.','1-654-228-6515','enim@Integer.org','Lectus Pede Ultrices Associates','Nixon','MQS68XGC6ZO'),(78,'Bethany','6589 Ipsum Ave','1-486-712-3740','tortor@mifelisadipiscing.edu','Vel Arcu Curabitur Company','Wiley','AYP95NTT3LS'),(79,'Madeline','Ap #964-5896 Aliquet Ave','1-264-751-2123','at.lacus@sedfacilisis.co.uk','Sollicitudin Commodo Corp.','Underwood','FXB98ZLI4AM'),(80,'Robert','7391 Nunc Street','1-603-605-7611','ante.dictum.mi@elitAliquam.co.uk','Lectus A Sollicitudin Ltd','Page','JUA36GBC3FK');
INSERT INTO "participante" (id_participante,nm_participante,nm_endereco_participante,nu_tel_participante,nm_email_participante,nm_empresa_participante,nm_login_participante,nm_senha_participante) VALUES (81,'Hyacinth','Ap #981-3622 Nullam Rd.','1-745-159-2829','sapien@SeddictumProin.co.uk','Aenean Euismod Mauris Industries','Moreno','UYP16AAL3CQ'),(82,'Patrick','415-599 Purus St.','1-365-418-2039','dolor.tempus.non@nisiCum.net','Vitae Industries','Mayer','YLY65WEP8WB'),(83,'Gabriel','3540 Nibh. Road','1-415-722-8745','malesuada@cursusnon.ca','Venenatis Incorporated','Stewart','WOA21AWU9FC'),(84,'Akeem','P.O. Box 853, 3970 Amet, Rd.','1-862-631-9039','Sed.molestie@acfermentumvel.net','Augue LLC','Finley','TQJ57ZPR0QD'),(85,'Vladimir','204-2281 Ornare. Road','1-644-867-4353','quam.Pellentesque@blandit.co.uk','Ornare Libero Incorporated','Bush','TXB02KIV1YC'),(86,'Destiny','4905 Proin Rd.','1-704-170-2135','hendrerit.Donec@fermentum.org','Malesuada Vel LLP','Mathews','ETN44OVU5YY'),(87,'Rhona','P.O. Box 489, 1117 Ac Rd.','1-216-326-2832','magna.Lorem.ipsum@turpisvitaepurus.org','Cursus A Enim Inc.','Sargent','FPX43WLT6WG'),(88,'Avram','7995 Lectus Rd.','1-792-544-2256','odio@mipede.org','Ad Litora Torquent Industries','Spears','HGE95TPS9GP'),(89,'Dora','Ap #930-9689 Morbi Ave','1-665-239-6943','at@acturpis.edu','Nullam Ltd','Bridges','MWV86APY6PP'),(90,'Jaquelyn','7668 Iaculis Ave','1-804-328-2991','quis.diam.luctus@miacmattis.co.uk','Natoque Penatibus Corp.','Castro','FYV56DEK7JM');
INSERT INTO "participante" (id_participante,nm_participante,nm_endereco_participante,nu_tel_participante,nm_email_participante,nm_empresa_participante,nm_login_participante,nm_senha_participante) VALUES (91,'Nero','Ap #678-6337 Montes, St.','1-376-324-5396','ultrices.posuere.cubilia@Vivamussit.ca','Est Arcu Associates','Wilkins','JBJ01NGX3DX'),(92,'Evan','P.O. Box 459, 4295 Mauris Rd.','1-387-648-0087','sed@arcuNuncmauris.net','Ut Molestie In PC','Gomez','GCJ00HQG7BE'),(93,'Lynn','Ap #534-6807 Eros Rd.','1-955-475-1781','Nulla.tincidunt.neque@justoeu.org','Et Foundation','Delaney','KJM16WDZ6PC'),(94,'Kendall','1741 Quisque St.','1-336-525-9848','eleifend.Cras.sed@eutellus.com','Pellentesque Habitant Morbi LLP','Waters','GOL55ZDC0XE'),(95,'Kenneth','Ap #532-8797 Erat. Rd.','1-533-762-6881','sodales@ametconsectetuer.net','Accumsan Sed Incorporated','Huffman','UNC43BJU0WU'),(96,'Kelly','P.O. Box 966, 5041 Auctor Av.','1-316-959-5017','dolor@ametante.ca','Non Magna Nam Limited','Cross','VCL95OAN3GI'),(97,'Emmanuel','Ap #997-3536 Interdum Ave','1-336-719-2287','vehicula@loremDonecelementum.ca','Pede Corp.','Barr','DSB94EBK4KF'),(98,'Porter','6965 Lorem Ave','1-151-699-7840','dolor.Quisque.tincidunt@disparturient.com','Augue Inc.','Cook','BGN35EWR6LF'),(99,'Samuel','Ap #760-3195 Turpis. Ave','1-569-730-0373','sed.sapien@ipsum.edu','Sem Limited','Wilson','JID15NAM9HQ'),(100,'Lamar','Ap #329-2624 Malesuada Ave','1-878-117-4278','cubilia.Curae@mauris.ca','Suspendisse Eleifend Incorporated','Hays','EBD09KLE5WH');
INSERT INTO "revisor_artigo" (id_revisor_artigo,id_participante,id_artigo,nu_nota,nm_comentario,dt_prazo_revisao,dt_revisao) VALUES (1,34,45,9,'amet, consectetuer adipiscing elit. Aliquam auctor, velit eget laoreet posuere,','Tue, 12 Dec 2017 08:33:44 -0800','Sun, 28 Apr 2019 06:04:17 -0700'),(2,22,82,2,'tellus. Phasellus elit pede, malesuada vel, venenatis vel, faucibus id,','Wed, 28 Feb 2018 17:24:51 -0800','Fri, 15 Dec 2017 11:18:04 -0800'),(3,24,34,10,'quam vel sapien imperdiet ornare. In faucibus. Morbi vehicula. Pellentesque','Mon, 27 Aug 2018 16:25:11 -0700','Wed, 07 Mar 2018 00:23:22 -0800'),(4,71,36,6,'Vivamus nibh dolor, nonummy ac, feugiat non, lobortis quis, pede.','Wed, 27 Dec 2017 13:03:48 -0800','Thu, 17 Jan 2019 21:54:53 -0800'),(5,79,78,8,'tempor arcu. Vestibulum ut eros non enim commodo hendrerit. Donec','Sun, 20 Aug 2017 16:40:30 -0700','Wed, 21 Jun 2017 10:07:53 -0700'),(6,12,76,6,'mi. Duis risus odio, auctor vitae, aliquet nec, imperdiet nec,','Sun, 01 Oct 2017 03:10:37 -0700','Wed, 24 Apr 2019 20:03:25 -0700'),(7,23,88,10,'ac mattis velit justo nec ante. Maecenas mi felis, adipiscing','Fri, 29 Jun 2018 13:35:48 -0700','Tue, 17 Apr 2018 09:08:51 -0700'),(8,4,38,4,'nec tempus mauris erat eget ipsum. Suspendisse sagittis. Nullam vitae','Wed, 24 Jan 2018 01:46:42 -0800','Sat, 15 Sep 2018 10:02:07 -0700'),(9,26,47,5,'a, magna. Lorem ipsum dolor sit amet, consectetuer adipiscing elit.','Wed, 03 Jan 2018 15:03:56 -0800','Thu, 26 Oct 2017 10:51:17 -0700'),(10,42,38,2,'Aliquam ultrices iaculis odio. Nam interdum enim non nisi. Aenean','Sat, 11 Aug 2018 21:09:43 -0700','Wed, 03 Apr 2019 14:34:28 -0700');
INSERT INTO "revisor_artigo" (id_revisor_artigo,id_participante,id_artigo,nu_nota,nm_comentario,dt_prazo_revisao,dt_revisao) VALUES (11,78,58,8,'Fusce diam nunc, ullamcorper eu, euismod ac, fermentum vel, mauris.','Sun, 11 Feb 2018 05:09:22 -0800','Fri, 21 Jul 2017 08:35:53 -0700'),(12,81,55,2,'commodo tincidunt nibh. Phasellus nulla. Integer vulputate, risus a ultricies','Thu, 07 Sep 2017 08:37:47 -0700','Sat, 28 Apr 2018 19:17:12 -0700'),(13,61,70,4,'aliquet, sem ut cursus luctus, ipsum leo elementum sem, vitae','Sat, 26 Aug 2017 07:14:19 -0700','Tue, 11 Jul 2017 11:16:19 -0700'),(14,10,25,3,'fames ac turpis egestas. Fusce aliquet magna a neque. Nullam','Fri, 03 Nov 2017 23:42:21 -0700','Sat, 09 Mar 2019 09:42:23 -0800'),(15,9,28,8,'Phasellus fermentum convallis ligula. Donec luctus aliquet odio. Etiam ligula','Sun, 12 May 2019 12:58:49 -0700','Fri, 25 Jan 2019 16:17:52 -0800'),(16,95,82,1,'a nunc. In at pede. Cras vulputate velit eu sem.','Sun, 31 Mar 2019 14:33:59 -0700','Thu, 16 May 2019 14:37:45 -0700'),(17,4,61,8,'Sed dictum. Proin eget odio. Aliquam vulputate ullamcorper magna. Sed','Mon, 28 May 2018 21:27:36 -0700','Mon, 30 Jul 2018 21:43:17 -0700'),(18,76,43,8,'Maecenas mi felis, adipiscing fringilla, porttitor vulputate, posuere vulputate, lacus.','Fri, 15 Sep 2017 19:18:12 -0700','Tue, 26 Jun 2018 23:57:25 -0700'),(19,17,15,3,'a ultricies adipiscing, enim mi tempor lorem, eget mollis lectus','Sat, 16 Feb 2019 16:50:54 -0800','Thu, 21 Dec 2017 14:04:43 -0800'),(20,10,84,7,'arcu. Aliquam ultrices iaculis odio. Nam interdum enim non nisi.','Thu, 16 Aug 2018 03:38:47 -0700','Tue, 30 Apr 2019 02:45:26 -0700');
INSERT INTO "revisor_artigo" (id_revisor_artigo,id_participante,id_artigo,nu_nota,nm_comentario,dt_prazo_revisao,dt_revisao) VALUES (21,61,100,3,'Proin nisl sem, consequat nec, mollis vitae, posuere at, velit.','Thu, 01 Mar 2018 08:08:07 -0800','Thu, 05 Oct 2017 15:41:03 -0700'),(22,20,22,9,'tellus sem mollis dui, in sodales elit erat vitae risus.','Sun, 19 Nov 2017 21:34:08 -0800','Tue, 18 Jul 2017 18:48:26 -0700'),(23,41,6,2,'et, eros. Proin ultrices. Duis volutpat nunc sit amet metus.','Fri, 11 Aug 2017 19:53:06 -0700','Fri, 01 Dec 2017 01:55:00 -0800'),(24,60,2,1,'Proin velit. Sed malesuada augue ut lacus. Nulla tincidunt, neque','Sun, 23 Jul 2017 09:25:40 -0700','Sat, 02 Mar 2019 01:13:54 -0800'),(25,27,8,4,'mollis. Integer tincidunt aliquam arcu. Aliquam ultrices iaculis odio. Nam','Fri, 14 Dec 2018 21:51:06 -0800','Wed, 21 Mar 2018 21:03:10 -0700'),(26,70,59,8,'et netus et malesuada fames ac turpis egestas. Fusce aliquet','Tue, 02 Apr 2019 07:00:31 -0700','Tue, 24 Apr 2018 15:59:32 -0700'),(27,4,43,10,'ut lacus. Nulla tincidunt, neque vitae semper egestas, urna justo','Tue, 05 Jun 2018 21:48:31 -0700','Tue, 05 Dec 2017 22:33:48 -0800'),(28,1,97,1,'scelerisque neque. Nullam nisl. Maecenas malesuada fringilla est. Mauris eu','Sun, 24 Jun 2018 11:46:09 -0700','Wed, 04 Jul 2018 07:12:37 -0700'),(29,67,62,4,'tincidunt orci quis lectus. Nullam suscipit, est ac facilisis facilisis,','Thu, 04 Jan 2018 01:32:02 -0800','Tue, 29 May 2018 10:44:42 -0700'),(30,53,64,9,'eu, odio. Phasellus at augue id ante dictum cursus. Nunc','Mon, 22 Jan 2018 06:11:56 -0800','Wed, 21 Nov 2018 08:45:50 -0800');
INSERT INTO "revisor_artigo" (id_revisor_artigo,id_participante,id_artigo,nu_nota,nm_comentario,dt_prazo_revisao,dt_revisao) VALUES (31,62,38,6,'magnis dis parturient montes, nascetur ridiculus mus. Proin vel nisl.','Sat, 04 May 2019 06:21:45 -0700','Fri, 31 Aug 2018 21:36:36 -0700'),(32,67,70,7,'tellus. Aenean egestas hendrerit neque. In ornare sagittis felis. Donec','Tue, 04 Jun 2019 07:47:38 -0700','Thu, 04 Apr 2019 08:01:15 -0700'),(33,3,10,10,'nulla. Integer vulputate, risus a ultricies adipiscing, enim mi tempor','Thu, 04 Oct 2018 14:00:33 -0700','Sat, 17 Jun 2017 01:24:24 -0700'),(34,33,2,8,'vestibulum nec, euismod in, dolor. Fusce feugiat. Lorem ipsum dolor','Tue, 13 Feb 2018 23:18:30 -0800','Wed, 19 Dec 2018 20:04:45 -0800'),(35,58,98,8,'pretium et, rutrum non, hendrerit id, ante. Nunc mauris sapien,','Sun, 23 Sep 2018 08:10:19 -0700','Wed, 28 Mar 2018 16:07:57 -0700'),(36,60,20,3,'tellus id nunc interdum feugiat. Sed nec metus facilisis lorem','Mon, 27 May 2019 20:12:24 -0700','Sat, 19 May 2018 04:16:56 -0700'),(37,50,38,5,'In condimentum. Donec at arcu. Vestibulum ante ipsum primis in','Sun, 18 Jun 2017 02:35:05 -0700','Fri, 30 Nov 2018 22:09:19 -0800'),(38,66,28,4,'lacus. Aliquam rutrum lorem ac risus. Morbi metus. Vivamus euismod','Thu, 15 Jun 2017 08:49:22 -0700','Fri, 22 Dec 2017 14:38:02 -0800'),(39,47,63,1,'ante, iaculis nec, eleifend non, dapibus rutrum, justo. Praesent luctus.','Mon, 04 Sep 2017 05:13:24 -0700','Tue, 08 May 2018 15:17:01 -0700'),(40,61,52,3,'lectus pede et risus. Quisque libero lacus, varius et, euismod','Thu, 14 Jun 2018 16:51:52 -0700','Sat, 26 May 2018 00:57:05 -0700');
INSERT INTO "revisor_artigo" (id_revisor_artigo,id_participante,id_artigo,nu_nota,nm_comentario,dt_prazo_revisao,dt_revisao) VALUES (41,63,48,4,'erat volutpat. Nulla dignissim. Maecenas ornare egestas ligula. Nullam feugiat','Fri, 08 Dec 2017 00:30:55 -0800','Fri, 13 Jul 2018 21:51:04 -0700'),(42,32,32,9,'scelerisque neque sed sem egestas blandit. Nam nulla magna, malesuada','Sat, 09 Mar 2019 18:52:18 -0800','Sun, 13 Aug 2017 15:28:04 -0700'),(43,99,24,3,'nec enim. Nunc ut erat. Sed nunc est, mollis non,','Thu, 22 Mar 2018 13:36:48 -0700','Wed, 30 Jan 2019 16:59:33 -0800'),(44,28,35,5,'dignissim pharetra. Nam ac nulla. In tincidunt congue turpis. In','Fri, 24 Nov 2017 18:28:34 -0800','Sat, 15 Jul 2017 15:25:34 -0700'),(45,64,37,4,'tincidunt tempus risus. Donec egestas. Duis ac arcu. Nunc mauris.','Mon, 22 Apr 2019 10:13:10 -0700','Sat, 29 Dec 2018 18:03:07 -0800'),(46,44,51,1,'risus odio, auctor vitae, aliquet nec, imperdiet nec, leo. Morbi','Fri, 08 Dec 2017 16:48:57 -0800','Mon, 24 Dec 2018 17:52:33 -0800'),(47,58,27,3,'dolor vitae dolor. Donec fringilla. Donec feugiat metus sit amet','Wed, 07 Feb 2018 06:53:51 -0800','Fri, 07 Jun 2019 16:25:29 -0700'),(48,77,95,10,'Donec est mauris, rhoncus id, mollis nec, cursus a, enim.','Tue, 17 Jul 2018 01:02:04 -0700','Sat, 02 Mar 2019 14:21:10 -0800'),(49,88,19,2,'nec, euismod in, dolor. Fusce feugiat. Lorem ipsum dolor sit','Thu, 24 May 2018 06:15:11 -0700','Thu, 17 May 2018 21:39:03 -0700'),(50,64,10,6,'non, hendrerit id, ante. Nunc mauris sapien, cursus in, hendrerit','Tue, 04 Sep 2018 12:12:00 -0700','Mon, 25 Mar 2019 16:14:54 -0700');
INSERT INTO "revisor_artigo" (id_revisor_artigo,id_participante,id_artigo,nu_nota,nm_comentario,dt_prazo_revisao,dt_revisao) VALUES (51,21,14,6,'magna. Cras convallis convallis dolor. Quisque tincidunt pede ac urna.','Sat, 28 Jul 2018 17:16:13 -0700','Fri, 12 Apr 2019 22:31:06 -0700'),(52,62,59,4,'imperdiet nec, leo. Morbi neque tellus, imperdiet non, vestibulum nec,','Sun, 24 Sep 2017 11:49:06 -0700','Sun, 03 Mar 2019 13:10:59 -0800'),(53,19,24,1,'vulputate, lacus. Cras interdum. Nunc sollicitudin commodo ipsum. Suspendisse non','Sun, 03 Sep 2017 20:02:15 -0700','Sat, 08 Dec 2018 10:19:36 -0800'),(54,48,47,6,'ut ipsum ac mi eleifend egestas. Sed pharetra, felis eget','Mon, 25 Dec 2017 19:37:11 -0800','Sat, 18 Nov 2017 11:32:56 -0800'),(55,97,7,5,'augue scelerisque mollis. Phasellus libero mauris, aliquam eu, accumsan sed,','Tue, 26 Jun 2018 16:35:52 -0700','Tue, 10 Jul 2018 20:51:47 -0700'),(56,81,61,7,'Nunc pulvinar arcu et pede. Nunc sed orci lobortis augue','Sat, 15 Jul 2017 05:13:31 -0700','Wed, 07 Nov 2018 14:49:55 -0800'),(57,53,8,3,'eget, venenatis a, magna. Lorem ipsum dolor sit amet, consectetuer','Sun, 07 Apr 2019 09:20:18 -0700','Tue, 05 Jun 2018 19:38:04 -0700'),(58,3,98,9,'in, tempus eu, ligula. Aenean euismod mauris eu elit. Nulla','Sat, 12 Jan 2019 11:52:55 -0800','Fri, 03 Nov 2017 07:15:37 -0700'),(59,35,33,3,'eu enim. Etiam imperdiet dictum magna. Ut tincidunt orci quis','Tue, 04 Dec 2018 18:36:23 -0800','Tue, 22 May 2018 20:00:34 -0700'),(60,91,87,5,'eleifend vitae, erat. Vivamus nisi. Mauris nulla. Integer urna. Vivamus','Sun, 24 Jun 2018 13:34:41 -0700','Fri, 31 May 2019 01:28:44 -0700');
INSERT INTO "revisor_artigo" (id_revisor_artigo,id_participante,id_artigo,nu_nota,nm_comentario,dt_prazo_revisao,dt_revisao) VALUES (61,44,1,5,'aliquet diam. Sed diam lorem, auctor quis, tristique ac, eleifend','Sat, 03 Feb 2018 06:08:53 -0800','Thu, 05 Oct 2017 07:13:15 -0700'),(62,8,45,6,'Curabitur egestas nunc sed libero. Proin sed turpis nec mauris','Fri, 09 Mar 2018 02:55:24 -0800','Sat, 30 Sep 2017 08:51:20 -0700'),(63,33,95,3,'Nulla facilisi. Sed neque. Sed eget lacus. Mauris non dui','Thu, 03 May 2018 06:39:20 -0700','Thu, 23 Aug 2018 22:15:07 -0700'),(64,1,3,7,'dignissim. Maecenas ornare egestas ligula. Nullam feugiat placerat velit. Quisque','Fri, 02 Mar 2018 14:23:48 -0800','Fri, 25 May 2018 14:31:33 -0700'),(65,67,17,5,'ullamcorper. Duis cursus, diam at pretium aliquet, metus urna convallis','Tue, 12 Dec 2017 05:28:01 -0800','Tue, 08 Jan 2019 02:06:46 -0800'),(66,66,53,2,'ultrices a, auctor non, feugiat nec, diam. Duis mi enim,','Tue, 19 Dec 2017 15:52:48 -0800','Thu, 24 May 2018 13:54:42 -0700'),(67,93,34,8,'mi fringilla mi lacinia mattis. Integer eu lacus. Quisque imperdiet,','Sun, 09 Jun 2019 19:16:42 -0700','Thu, 28 Dec 2017 19:39:16 -0800'),(68,7,42,3,'dui. Cras pellentesque. Sed dictum. Proin eget odio. Aliquam vulputate','Sat, 23 Sep 2017 02:54:22 -0700','Tue, 04 Dec 2018 18:33:34 -0800'),(69,40,70,1,'id enim. Curabitur massa. Vestibulum accumsan neque et nunc. Quisque','Fri, 23 Nov 2018 10:27:33 -0800','Wed, 14 Mar 2018 17:26:27 -0700'),(70,86,16,3,'lorem ipsum sodales purus, in molestie tortor nibh sit amet','Fri, 11 May 2018 23:35:40 -0700','Sun, 07 Apr 2019 02:14:15 -0700');
INSERT INTO "revisor_artigo" (id_revisor_artigo,id_participante,id_artigo,nu_nota,nm_comentario,dt_prazo_revisao,dt_revisao) VALUES (71,34,10,6,'Sed nulla ante, iaculis nec, eleifend non, dapibus rutrum, justo.','Sat, 16 Jun 2018 16:18:50 -0700','Thu, 23 Aug 2018 19:10:20 -0700'),(72,45,31,4,'mi enim, condimentum eget, volutpat ornare, facilisis eget, ipsum. Donec','Fri, 18 Jan 2019 21:47:17 -0800','Sat, 08 Sep 2018 01:22:22 -0700'),(73,9,30,2,'Suspendisse aliquet, sem ut cursus luctus, ipsum leo elementum sem,','Sat, 04 May 2019 00:02:06 -0700','Sun, 17 Mar 2019 13:02:09 -0700'),(74,22,52,8,'Nullam enim. Sed nulla ante, iaculis nec, eleifend non, dapibus','Thu, 01 Feb 2018 03:38:57 -0800','Sat, 10 Feb 2018 10:31:41 -0800'),(75,22,27,8,'scelerisque scelerisque dui. Suspendisse ac metus vitae velit egestas lacinia.','Sun, 10 Dec 2017 04:46:19 -0800','Wed, 08 Nov 2017 20:11:21 -0800'),(76,5,71,8,'et arcu imperdiet ullamcorper. Duis at lacus. Quisque purus sapien,','Mon, 23 Jul 2018 23:33:35 -0700','Fri, 08 Feb 2019 13:10:16 -0800'),(77,84,90,1,'leo, in lobortis tellus justo sit amet nulla. Donec non','Fri, 11 Aug 2017 19:41:33 -0700','Sat, 12 Jan 2019 02:24:00 -0800'),(78,59,67,7,'arcu. Vestibulum ante ipsum primis in faucibus orci luctus et','Thu, 03 May 2018 14:10:56 -0700','Sat, 08 Dec 2018 14:28:01 -0800'),(79,54,78,10,'eros nec tellus. Nunc lectus pede, ultrices a, auctor non,','Sat, 17 Jun 2017 23:42:03 -0700','Sun, 07 Oct 2018 11:50:49 -0700'),(80,94,93,3,'scelerisque scelerisque dui. Suspendisse ac metus vitae velit egestas lacinia.','Thu, 16 Aug 2018 18:53:37 -0700','Tue, 11 Jun 2019 06:19:36 -0700');
INSERT INTO "revisor_artigo" (id_revisor_artigo,id_participante,id_artigo,nu_nota,nm_comentario,dt_prazo_revisao,dt_revisao) VALUES (81,76,24,10,'quam. Curabitur vel lectus. Cum sociis natoque penatibus et magnis','Tue, 26 Feb 2019 16:51:19 -0800','Sun, 04 Nov 2018 02:17:37 -0800'),(82,19,70,9,'nisi. Cum sociis natoque penatibus et magnis dis parturient montes,','Wed, 02 May 2018 16:34:43 -0700','Sat, 01 Jul 2017 18:55:24 -0700'),(83,3,38,6,'nibh. Quisque nonummy ipsum non arcu. Vivamus sit amet risus.','Wed, 04 Oct 2017 11:55:58 -0700','Fri, 07 Jun 2019 01:24:21 -0700'),(84,91,1,4,'orci, adipiscing non, luctus sit amet, faucibus ut, nulla. Cras','Sat, 26 Aug 2017 15:10:51 -0700','Tue, 17 Jul 2018 10:58:19 -0700'),(85,33,73,1,'sollicitudin a, malesuada id, erat. Etiam vestibulum massa rutrum magna.','Thu, 14 Dec 2017 15:20:07 -0800','Wed, 21 Mar 2018 23:43:35 -0700'),(86,48,68,6,'faucibus. Morbi vehicula. Pellentesque tincidunt tempus risus. Donec egestas. Duis','Mon, 06 Nov 2017 00:44:24 -0800','Mon, 15 Apr 2019 23:33:33 -0700'),(87,41,18,4,'convallis, ante lectus convallis est, vitae sodales nisi magna sed','Mon, 05 Feb 2018 18:15:18 -0800','Sun, 07 Apr 2019 06:57:37 -0700'),(88,9,80,5,'lectus pede et risus. Quisque libero lacus, varius et, euismod','Thu, 11 Apr 2019 17:37:16 -0700','Wed, 31 Jan 2018 10:39:09 -0800'),(89,37,90,7,'pellentesque. Sed dictum. Proin eget odio. Aliquam vulputate ullamcorper magna.','Sat, 19 May 2018 01:32:29 -0700','Sat, 26 Aug 2017 22:56:12 -0700'),(90,53,88,10,'augue ut lacus. Nulla tincidunt, neque vitae semper egestas, urna','Mon, 11 Dec 2017 00:46:30 -0800','Tue, 10 Apr 2018 03:36:31 -0700');
INSERT INTO "revisor_artigo" (id_revisor_artigo,id_participante,id_artigo,nu_nota,nm_comentario,dt_prazo_revisao,dt_revisao) VALUES (91,76,25,3,'nec ante. Maecenas mi felis, adipiscing fringilla, porttitor vulputate, posuere','Tue, 21 May 2019 00:48:03 -0700','Wed, 12 Dec 2018 14:11:44 -0800'),(92,43,48,2,'nec, imperdiet nec, leo. Morbi neque tellus, imperdiet non, vestibulum','Sun, 14 Jan 2018 04:58:33 -0800','Mon, 31 Dec 2018 03:04:30 -0800'),(93,24,23,8,'malesuada id, erat. Etiam vestibulum massa rutrum magna. Cras convallis','Sun, 10 Dec 2017 12:07:17 -0800','Sat, 03 Nov 2018 00:57:29 -0700'),(94,46,13,6,'pellentesque a, facilisis non, bibendum sed, est. Nunc laoreet lectus','Tue, 19 Jun 2018 08:14:17 -0700','Sat, 22 Jul 2017 07:38:10 -0700'),(95,60,67,5,'egestas nunc sed libero. Proin sed turpis nec mauris blandit','Sun, 19 Nov 2017 00:34:37 -0800','Thu, 16 May 2019 05:52:14 -0700'),(96,83,74,10,'et pede. Nunc sed orci lobortis augue scelerisque mollis. Phasellus','Sat, 04 Aug 2018 03:31:44 -0700','Fri, 12 Oct 2018 02:15:04 -0700'),(97,80,45,9,'dui lectus rutrum urna, nec luctus felis purus ac tellus.','Tue, 28 May 2019 07:43:01 -0700','Mon, 27 May 2019 09:49:40 -0700'),(98,99,57,1,'Etiam vestibulum massa rutrum magna. Cras convallis convallis dolor. Quisque','Tue, 19 Jun 2018 00:07:57 -0700','Mon, 30 Jul 2018 00:36:53 -0700'),(99,75,60,6,'nunc. Quisque ornare tortor at risus. Nunc ac sem ut','Wed, 17 Jan 2018 05:00:27 -0800','Thu, 28 Sep 2017 03:27:04 -0700'),(100,38,34,6,'ultrices. Duis volutpat nunc sit amet metus. Aliquam erat volutpat.','Tue, 09 Jan 2018 04:54:00 -0800','Tue, 09 Jan 2018 08:45:48 -0800');
INSERT INTO "congresso" (id_congresso,nm_congresso,nm_sede_congresso,dt_inicio_congresso,dt_fim_congresso,dt_prazo_submissao,dt_prazo_revisao,vl_inscricao) VALUES (1,'parturient','526-8614 Purus Rd.','Sun, 06 Jan 2019 23:42:28 -0800','Sat, 28 Apr 2018 21:54:41 -0700','Wed, 14 Mar 2018 20:56:16 -0700','Mon, 04 Mar 2019 21:08:39 -0800','100.00'),(2,'nec','P.O. Box 706, 150 Curabitur St.','Tue, 22 May 2018 03:22:23 -0700','Sat, 08 Jul 2017 15:21:37 -0700','Mon, 14 Aug 2017 10:39:41 -0700','Sun, 10 Dec 2017 08:19:07 -0800','100.00'),(3,'lorem','P.O. Box 269, 8222 Luctus Avenue','Sat, 17 Nov 2018 13:24:14 -0800','Sun, 24 Mar 2019 10:11:21 -0700','Fri, 21 Jul 2017 14:53:27 -0700','Wed, 18 Apr 2018 12:17:40 -0700','100.00'),(4,'quam','P.O. Box 992, 9765 Natoque Street','Sun, 14 Jan 2018 12:06:09 -0800','Mon, 24 Sep 2018 08:59:51 -0700','Tue, 14 Nov 2017 17:18:50 -0800','Mon, 24 Sep 2018 01:37:38 -0700','100.00'),(5,'Ut','171-5571 Urna St.','Sun, 10 Sep 2017 14:33:54 -0700','Mon, 26 Feb 2018 11:38:08 -0800','Tue, 19 Dec 2017 11:51:45 -0800','Tue, 17 Jul 2018 14:41:04 -0700','100.00'),(6,'euismod','3071 Augue, Av.','Mon, 01 Oct 2018 03:10:47 -0700','Fri, 26 Oct 2018 06:10:20 -0700','Wed, 13 Feb 2019 16:20:27 -0800','Fri, 11 May 2018 02:54:02 -0700','100.00'),(7,'sed,','221-4062 Maecenas St.','Fri, 11 May 2018 01:26:44 -0700','Wed, 17 Jan 2018 23:28:53 -0800','Mon, 04 Jun 2018 22:46:40 -0700','Wed, 12 Sep 2018 07:40:38 -0700','100.00'),(8,'Cras','2031 Enim. Rd.','Sat, 16 Sep 2017 05:53:04 -0700','Wed, 23 Jan 2019 13:32:56 -0800','Thu, 12 Jul 2018 10:39:22 -0700','Thu, 11 Oct 2018 11:41:54 -0700','100.00'),(9,'nisl','Ap #579-3686 Aenean Road','Tue, 08 May 2018 08:38:23 -0700','Thu, 21 Feb 2019 02:19:51 -0800','Sat, 13 Apr 2019 23:40:59 -0700','Thu, 04 Apr 2019 10:09:56 -0700','100.00'),(10,'sapien.','P.O. Box 938, 2600 Ut Rd.','Fri, 22 Feb 2019 14:09:42 -0800','Tue, 25 Dec 2018 12:40:08 -0800','Thu, 18 Oct 2018 13:40:29 -0700','Thu, 13 Sep 2018 17:15:14 -0700','100.00');
INSERT INTO "congresso" (id_congresso,nm_congresso,nm_sede_congresso,dt_inicio_congresso,dt_fim_congresso,dt_prazo_submissao,dt_prazo_revisao,vl_inscricao) VALUES (11,'vitae','Ap #515-4043 In Avenue','Mon, 03 Sep 2018 14:56:00 -0700','Mon, 07 Aug 2017 23:36:58 -0700','Fri, 05 Jan 2018 12:35:21 -0800','Thu, 07 Feb 2019 19:04:40 -0800','100.00'),(12,'Proin','101-9306 Euismod Rd.','Thu, 02 Aug 2018 09:04:48 -0700','Sun, 18 Nov 2018 20:42:06 -0800','Sun, 17 Sep 2017 19:03:06 -0700','Tue, 13 Nov 2018 19:59:04 -0800','100.00'),(13,'tincidunt','815-1388 Tempor St.','Wed, 28 Nov 2018 14:53:15 -0800','Thu, 28 Dec 2017 20:09:58 -0800','Wed, 22 May 2019 00:32:35 -0700','Thu, 02 Aug 2018 21:41:27 -0700','100.00'),(14,'eu','5470 Proin Road','Tue, 23 Apr 2019 07:39:56 -0700','Sat, 19 Jan 2019 03:57:44 -0800','Fri, 14 Jul 2017 22:55:35 -0700','Tue, 19 Feb 2019 12:52:45 -0800','100.00'),(15,'eget','684-536 Augue Ave','Thu, 27 Dec 2018 10:03:44 -0800','Sat, 01 Dec 2018 02:57:25 -0800','Fri, 30 Nov 2018 07:38:42 -0800','Mon, 14 Aug 2017 10:26:13 -0700','100.00'),(16,'Suspendisse','P.O. Box 133, 1555 Sapien. Street','Sat, 02 Jun 2018 14:49:38 -0700','Sat, 02 Sep 2017 05:13:38 -0700','Thu, 25 Apr 2019 19:23:31 -0700','Tue, 12 Feb 2019 09:18:12 -0800','100.00'),(17,'fames','363-8864 Mattis St.','Thu, 16 Nov 2017 03:15:28 -0800','Fri, 26 Jan 2018 21:54:30 -0800','Thu, 09 Nov 2017 02:01:21 -0800','Mon, 06 May 2019 11:46:59 -0700','100.00'),(18,'tristique','P.O. Box 492, 9983 Orci St.','Tue, 03 Apr 2018 00:26:38 -0700','Fri, 26 Apr 2019 06:08:43 -0700','Sat, 18 Nov 2017 12:32:26 -0800','Tue, 15 May 2018 00:09:17 -0700','100.00'),(19,'lectus','P.O. Box 477, 549 Sed Ave','Tue, 08 Jan 2019 11:38:22 -0800','Sun, 10 Sep 2017 04:14:53 -0700','Mon, 11 Jun 2018 06:05:37 -0700','Wed, 15 May 2019 09:31:05 -0700','100.00'),(20,'non','Ap #272-8921 Fames Ave','Thu, 13 Jun 2019 10:38:59 -0700','Thu, 11 Jan 2018 18:19:25 -0800','Fri, 16 Jun 2017 01:48:20 -0700','Sat, 12 Jan 2019 17:49:53 -0800','100.00');
INSERT INTO "congresso" (id_congresso,nm_congresso,nm_sede_congresso,dt_inicio_congresso,dt_fim_congresso,dt_prazo_submissao,dt_prazo_revisao,vl_inscricao) VALUES (21,'turpis','3667 Luctus Rd.','Tue, 14 Nov 2017 10:49:34 -0800','Wed, 16 Aug 2017 03:21:34 -0700','Sun, 27 Aug 2017 07:24:40 -0700','Sat, 09 Dec 2017 20:51:19 -0800','100.00'),(22,'purus,','Ap #677-6700 Nascetur St.','Thu, 10 Jan 2019 21:51:45 -0800','Mon, 21 Jan 2019 04:56:07 -0800','Wed, 26 Sep 2018 20:14:18 -0700','Fri, 31 Aug 2018 12:04:57 -0700','100.00'),(23,'sollicitudin','P.O. Box 538, 9477 Et St.','Mon, 04 Jun 2018 04:44:32 -0700','Tue, 07 May 2019 17:06:57 -0700','Sun, 20 Jan 2019 04:32:57 -0800','Sat, 01 Jul 2017 01:37:42 -0700','100.00'),(24,'feugiat.','1851 Diam. Av.','Thu, 03 Jan 2019 01:40:57 -0800','Mon, 28 Jan 2019 06:40:02 -0800','Thu, 21 Dec 2017 12:06:43 -0800','Wed, 31 Jan 2018 14:31:44 -0800','100.00'),(25,'nunc','9399 Nec St.','Tue, 05 Dec 2017 16:07:48 -0800','Tue, 12 Mar 2019 02:35:34 -0700','Sun, 30 Dec 2018 05:50:46 -0800','Wed, 30 May 2018 12:22:56 -0700','100.00'),(26,'risus.','P.O. Box 358, 5920 Id, Road','Sat, 10 Feb 2018 11:13:57 -0800','Tue, 02 Jan 2018 20:16:48 -0800','Sat, 10 Nov 2018 06:32:57 -0800','Sun, 04 Mar 2018 16:01:04 -0800','100.00'),(27,'Phasellus','3513 Cursus Av.','Sat, 14 Apr 2018 08:17:14 -0700','Mon, 24 Sep 2018 19:09:05 -0700','Fri, 02 Feb 2018 01:10:59 -0800','Sat, 02 Mar 2019 07:55:28 -0800','100.00'),(28,'nec,','464-7827 Lobortis Av.','Fri, 28 Dec 2018 15:21:15 -0800','Wed, 21 Nov 2018 02:33:42 -0800','Tue, 21 Nov 2017 22:51:59 -0800','Wed, 06 Sep 2017 22:57:54 -0700','100.00'),(29,'scelerisque','P.O. Box 148, 8508 Congue Rd.','Sat, 10 Feb 2018 09:31:58 -0800','Sat, 01 Jun 2019 03:29:50 -0700','Tue, 19 Sep 2017 08:54:47 -0700','Tue, 21 Aug 2018 09:16:17 -0700','100.00'),(30,'ultricies','2864 Vulputate Ave','Mon, 15 Jan 2018 01:18:48 -0800','Fri, 15 Dec 2017 01:40:52 -0800','Sun, 30 Sep 2018 13:39:31 -0700','Thu, 14 Mar 2019 19:37:42 -0700','100.00');
INSERT INTO "congresso" (id_congresso,nm_congresso,nm_sede_congresso,dt_inicio_congresso,dt_fim_congresso,dt_prazo_submissao,dt_prazo_revisao,vl_inscricao) VALUES (31,'tincidunt','Ap #552-2644 Iaculis Street','Sat, 15 Jun 2019 15:42:11 -0700','Sat, 11 May 2019 14:29:05 -0700','Sun, 08 Jul 2018 10:00:38 -0700','Tue, 29 May 2018 09:22:08 -0700','100.00'),(32,'facilisis.','445-2377 Natoque St.','Mon, 04 Sep 2017 02:53:09 -0700','Mon, 10 Jul 2017 02:51:10 -0700','Mon, 03 Sep 2018 15:49:52 -0700','Sun, 06 Jan 2019 10:52:07 -0800','100.00'),(33,'sapien,','Ap #392-371 Nunc, St.','Sat, 07 Jul 2018 18:04:58 -0700','Sun, 03 Jun 2018 18:12:14 -0700','Mon, 26 Nov 2018 00:26:54 -0800','Tue, 05 Feb 2019 04:58:11 -0800','100.00'),(34,'diam.','P.O. Box 727, 9567 In Ave','Tue, 19 Feb 2019 17:27:35 -0800','Fri, 31 Aug 2018 10:50:06 -0700','Wed, 26 Sep 2018 12:08:11 -0700','Mon, 03 Jul 2017 09:37:03 -0700','100.00'),(35,'quis,','P.O. Box 145, 8086 Cursus. Street','Fri, 12 Oct 2018 10:12:18 -0700','Thu, 09 Aug 2018 00:19:43 -0700','Mon, 30 Apr 2018 01:49:00 -0700','Thu, 08 Mar 2018 10:52:56 -0800','100.00'),(36,'egestas','862-1704 Aenean Road','Thu, 19 Apr 2018 02:31:35 -0700','Sat, 09 Jun 2018 19:54:34 -0700','Sun, 24 Dec 2017 06:24:37 -0800','Fri, 15 Jun 2018 15:36:07 -0700','100.00'),(37,'orci.','2771 Pede. Avenue','Thu, 17 Jan 2019 23:33:49 -0800','Wed, 23 May 2018 12:16:18 -0700','Thu, 17 Jan 2019 05:11:30 -0800','Fri, 18 Aug 2017 17:51:11 -0700','100.00'),(38,'Duis','Ap #460-6725 Non Ave','Tue, 22 Aug 2017 12:44:44 -0700','Tue, 30 Apr 2019 23:43:56 -0700','Sat, 23 Feb 2019 19:14:06 -0800','Tue, 26 Dec 2017 19:58:08 -0800','100.00'),(39,'arcu.','Ap #810-1522 Vivamus Rd.','Sat, 08 Jul 2017 19:39:01 -0700','Sun, 24 Mar 2019 01:09:24 -0700','Sat, 16 Jun 2018 05:09:45 -0700','Sat, 24 Mar 2018 00:46:07 -0700','100.00'),(40,'cursus','Ap #328-8298 Mi St.','Sun, 25 Nov 2018 18:09:10 -0800','Sun, 06 May 2018 22:52:04 -0700','Sat, 24 Feb 2018 14:26:09 -0800','Sat, 03 Nov 2018 19:49:52 -0700','100.00');
INSERT INTO "congresso" (id_congresso,nm_congresso,nm_sede_congresso,dt_inicio_congresso,dt_fim_congresso,dt_prazo_submissao,dt_prazo_revisao,vl_inscricao) VALUES (41,'lacus','P.O. Box 207, 7696 Sollicitudin Ave','Thu, 07 Feb 2019 03:20:07 -0800','Sun, 11 Feb 2018 11:10:48 -0800','Thu, 03 May 2018 19:15:03 -0700','Thu, 28 Sep 2017 19:40:13 -0700','100.00'),(42,'eu','Ap #732-9290 Sollicitudin St.','Fri, 11 May 2018 20:59:59 -0700','Thu, 13 Sep 2018 14:52:40 -0700','Sun, 17 Feb 2019 09:32:14 -0800','Fri, 21 Dec 2018 11:11:35 -0800','100.00'),(43,'sem.','P.O. Box 700, 8718 Suspendisse Rd.','Sun, 07 Apr 2019 02:19:55 -0700','Fri, 20 Jul 2018 06:53:52 -0700','Sun, 21 Oct 2018 22:19:22 -0700','Thu, 13 Jul 2017 03:05:19 -0700','100.00'),(44,'tempus','7399 Magna. Road','Sun, 05 Nov 2017 11:46:14 -0800','Sun, 01 Apr 2018 11:33:47 -0700','Thu, 13 Sep 2018 16:34:41 -0700','Mon, 07 May 2018 04:31:11 -0700','100.00'),(45,'amet,','578-9128 Fusce St.','Thu, 03 Jan 2019 06:04:59 -0800','Fri, 03 Aug 2018 01:21:37 -0700','Fri, 23 Jun 2017 15:31:10 -0700','Tue, 30 Jan 2018 21:12:27 -0800','100.00'),(46,'ac','1114 Mauris Av.','Fri, 19 Jan 2018 16:12:20 -0800','Mon, 21 Jan 2019 00:55:00 -0800','Sat, 02 Sep 2017 20:19:25 -0700','Sat, 02 Feb 2019 01:14:58 -0800','100.00'),(47,'sem','P.O. Box 301, 8476 Luctus Avenue','Thu, 14 Dec 2017 17:34:14 -0800','Wed, 18 Oct 2017 09:05:23 -0700','Mon, 04 Mar 2019 20:16:43 -0800','Thu, 12 Oct 2017 07:53:28 -0700','100.00'),(48,'orci,','P.O. Box 587, 590 Nisl. Avenue','Thu, 21 Dec 2017 09:28:24 -0800','Sun, 19 Nov 2017 09:40:17 -0800','Thu, 12 Apr 2018 10:10:58 -0700','Thu, 11 Jan 2018 20:18:59 -0800','100.00'),(49,'vitae,','Ap #172-1419 Lacinia Rd.','Sun, 20 Aug 2017 19:40:12 -0700','Thu, 07 Sep 2017 04:00:25 -0700','Mon, 31 Jul 2017 13:04:51 -0700','Tue, 05 Mar 2019 09:12:04 -0800','100.00'),(50,'Pellentesque','Ap #730-2292 Consectetuer St.','Sat, 13 Apr 2019 17:22:35 -0700','Sun, 30 Jul 2017 20:08:08 -0700','Tue, 23 Apr 2019 21:29:38 -0700','Wed, 12 Dec 2018 22:35:33 -0800','100.00');
INSERT INTO "congresso" (id_congresso,nm_congresso,nm_sede_congresso,dt_inicio_congresso,dt_fim_congresso,dt_prazo_submissao,dt_prazo_revisao,vl_inscricao) VALUES (51,'gravida','P.O. Box 212, 1498 Et Ave','Thu, 29 Jun 2017 11:37:06 -0700','Sun, 17 Dec 2017 06:44:16 -0800','Thu, 14 Dec 2017 00:43:31 -0800','Sun, 02 Dec 2018 23:13:43 -0800','100.00'),(52,'magna.','Ap #483-6279 Orci Ave','Fri, 09 Mar 2018 10:05:27 -0800','Thu, 05 Oct 2017 08:07:35 -0700','Thu, 07 Sep 2017 22:35:47 -0700','Fri, 02 Feb 2018 16:07:14 -0800','100.00'),(53,'sed','Ap #559-1338 Ornare Ave','Wed, 17 Jan 2018 12:28:48 -0800','Sat, 17 Nov 2018 10:25:40 -0800','Thu, 21 Mar 2019 03:01:30 -0700','Sat, 04 May 2019 15:45:03 -0700','100.00'),(54,'ligula.','Ap #888-858 Amet, Ave','Tue, 02 Oct 2018 02:42:39 -0700','Mon, 21 May 2018 02:05:20 -0700','Tue, 06 Mar 2018 03:36:26 -0800','Sun, 14 Jan 2018 21:17:33 -0800','100.00'),(55,'leo,','2379 Nunc Rd.','Mon, 28 May 2018 00:55:15 -0700','Tue, 25 Jul 2017 08:24:00 -0700','Thu, 21 Sep 2017 18:45:35 -0700','Wed, 07 Nov 2018 15:26:38 -0800','100.00'),(56,'iaculis','P.O. Box 341, 9856 Mollis Street','Thu, 22 Nov 2018 21:06:42 -0800','Sun, 18 Feb 2018 21:00:35 -0800','Fri, 16 Mar 2018 05:49:25 -0700','Sat, 02 Sep 2017 21:10:46 -0700','100.00'),(57,'rutrum','4217 Faucibus Avenue','Sat, 03 Nov 2018 15:07:02 -0700','Sun, 20 Jan 2019 11:57:09 -0800','Thu, 10 Jan 2019 20:25:32 -0800','Mon, 19 Mar 2018 10:02:20 -0700','100.00'),(58,'ornare','317-1605 At, Road','Sun, 09 Sep 2018 01:04:37 -0700','Sat, 09 Sep 2017 15:19:39 -0700','Sat, 19 Jan 2019 02:48:29 -0800','Mon, 20 Nov 2017 11:36:46 -0800','100.00'),(59,'Fusce','P.O. Box 992, 9757 Semper Ave','Sat, 24 Nov 2018 13:16:35 -0800','Sat, 23 Dec 2017 06:53:05 -0800','Sun, 09 Dec 2018 10:38:27 -0800','Fri, 22 Mar 2019 10:33:11 -0700','100.00'),(60,'Sed','P.O. Box 524, 4610 Facilisis St.','Fri, 22 Dec 2017 13:07:06 -0800','Sat, 25 May 2019 21:12:54 -0700','Mon, 30 Oct 2017 16:20:15 -0700','Wed, 12 Sep 2018 20:55:04 -0700','100.00');
INSERT INTO "congresso" (id_congresso,nm_congresso,nm_sede_congresso,dt_inicio_congresso,dt_fim_congresso,dt_prazo_submissao,dt_prazo_revisao,vl_inscricao) VALUES (61,'penatibus','P.O. Box 449, 4341 Suspendisse St.','Mon, 23 Jul 2018 07:21:54 -0700','Fri, 12 Apr 2019 00:25:06 -0700','Sat, 18 Nov 2017 06:29:16 -0800','Thu, 29 Jun 2017 13:17:48 -0700','100.00'),(62,'sem','Ap #306-6973 Sagittis Av.','Sun, 05 Aug 2018 22:10:34 -0700','Sat, 21 Oct 2017 10:50:28 -0700','Fri, 08 Jun 2018 03:06:33 -0700','Sun, 24 Jun 2018 14:33:23 -0700','100.00'),(63,'turpis','312-3517 Enim. Road','Mon, 09 Oct 2017 13:52:10 -0700','Sat, 17 Jun 2017 03:08:12 -0700','Tue, 14 Nov 2017 18:07:06 -0800','Mon, 08 Jan 2018 10:23:04 -0800','100.00'),(64,'lectus','117 Primis Rd.','Mon, 05 Feb 2018 08:26:54 -0800','Sat, 12 May 2018 08:26:02 -0700','Tue, 11 Dec 2018 09:44:30 -0800','Fri, 06 Oct 2017 04:43:27 -0700','100.00'),(65,'semper','8489 Malesuada Street','Mon, 18 Sep 2017 12:20:10 -0700','Mon, 08 Apr 2019 22:59:41 -0700','Mon, 05 Feb 2018 06:24:03 -0800','Tue, 20 Feb 2018 20:36:35 -0800','100.00'),(66,'dolor','793-7634 Morbi Street','Mon, 16 Apr 2018 09:22:00 -0700','Tue, 20 Nov 2018 16:50:40 -0800','Tue, 17 Apr 2018 15:20:18 -0700','Thu, 09 May 2019 11:11:07 -0700','100.00'),(67,'Cum','Ap #914-1667 Accumsan Rd.','Sat, 24 Nov 2018 05:59:05 -0800','Fri, 26 Jan 2018 10:52:13 -0800','Fri, 13 Apr 2018 03:22:47 -0700','Wed, 07 Nov 2018 01:22:16 -0800','100.00'),(68,'augue','287-939 In Av.','Sun, 19 Aug 2018 12:46:33 -0700','Sat, 27 Apr 2019 17:04:12 -0700','Tue, 12 Dec 2017 14:14:19 -0800','Mon, 29 Apr 2019 18:10:29 -0700','100.00'),(69,'turpis','2482 Lorem Road','Sun, 02 Sep 2018 11:14:33 -0700','Sun, 08 Oct 2017 00:11:00 -0700','Tue, 18 Dec 2018 12:47:17 -0800','Mon, 17 Dec 2018 19:27:59 -0800','100.00'),(70,'adipiscing','Ap #744-1637 Proin Rd.','Tue, 06 Nov 2018 16:05:04 -0800','Tue, 12 Dec 2017 05:13:42 -0800','Wed, 04 Oct 2017 19:28:19 -0700','Mon, 10 Sep 2018 09:31:48 -0700','100.00');
INSERT INTO "congresso" (id_congresso,nm_congresso,nm_sede_congresso,dt_inicio_congresso,dt_fim_congresso,dt_prazo_submissao,dt_prazo_revisao,vl_inscricao) VALUES (71,'faucibus','411-4424 Nunc St.','Wed, 22 Nov 2017 11:11:08 -0800','Thu, 04 Oct 2018 19:16:40 -0700','Sun, 13 Jan 2019 20:47:17 -0800','Sat, 19 Aug 2017 13:27:44 -0700','100.00'),(72,'eget','283-250 Sed, Rd.','Mon, 19 Jun 2017 16:05:14 -0700','Fri, 06 Apr 2018 16:18:28 -0700','Sun, 25 Feb 2018 17:40:45 -0800','Sat, 09 Dec 2017 04:22:36 -0800','100.00'),(73,'Sed','P.O. Box 301, 3891 Vulputate Av.','Mon, 06 May 2019 02:58:20 -0700','Fri, 27 Jul 2018 05:52:39 -0700','Wed, 18 Oct 2017 15:24:41 -0700','Mon, 26 Jun 2017 06:00:30 -0700','100.00'),(74,'a','Ap #385-3708 Sem Rd.','Sat, 11 Aug 2018 22:52:24 -0700','Thu, 01 Feb 2018 17:55:29 -0800','Wed, 30 Aug 2017 04:36:05 -0700','Thu, 27 Sep 2018 11:00:18 -0700','100.00'),(75,'vitae','9724 Est, Av.','Sat, 30 Jun 2018 01:09:22 -0700','Sat, 15 Jul 2017 20:23:39 -0700','Fri, 31 May 2019 17:18:05 -0700','Tue, 06 Nov 2018 22:34:52 -0800','100.00'),(76,'luctus','131-4615 Proin Street','Tue, 19 Feb 2019 08:04:23 -0800','Wed, 08 Aug 2018 03:32:27 -0700','Mon, 11 Dec 2017 16:36:11 -0800','Fri, 23 Jun 2017 09:25:19 -0700','100.00'),(77,'eget','216-7579 Quisque Rd.','Sun, 10 Dec 2017 20:33:30 -0800','Thu, 01 Mar 2018 13:20:11 -0800','Sat, 26 Jan 2019 16:10:09 -0800','Fri, 21 Jul 2017 01:15:22 -0700','100.00'),(78,'tincidunt','P.O. Box 419, 6189 Nunc Ave','Mon, 18 Sep 2017 04:07:12 -0700','Sat, 26 May 2018 06:08:46 -0700','Sun, 07 Jan 2018 08:30:38 -0800','Mon, 08 Jan 2018 06:44:16 -0800','100.00'),(79,'vel','6649 Nec, Rd.','Tue, 02 Apr 2019 17:42:25 -0700','Sat, 11 Nov 2017 09:56:45 -0800','Tue, 05 Sep 2017 18:08:06 -0700','Fri, 01 Feb 2019 20:58:15 -0800','100.00'),(80,'torquent','621-7914 Nam Avenue','Sat, 31 Mar 2018 14:45:47 -0700','Tue, 09 Apr 2019 02:11:03 -0700','Fri, 15 Jun 2018 02:30:51 -0700','Wed, 17 Apr 2019 13:18:25 -0700','100.00');
INSERT INTO "congresso" (id_congresso,nm_congresso,nm_sede_congresso,dt_inicio_congresso,dt_fim_congresso,dt_prazo_submissao,dt_prazo_revisao,vl_inscricao) VALUES (81,'facilisi.','P.O. Box 181, 6746 Rutrum Street','Tue, 20 Jun 2017 19:40:59 -0700','Tue, 26 Jun 2018 15:44:55 -0700','Thu, 26 Oct 2017 08:39:18 -0700','Sun, 29 Apr 2018 23:45:14 -0700','100.00'),(82,'arcu','Ap #166-5756 Aliquet Road','Wed, 12 Dec 2018 01:03:33 -0800','Fri, 15 Mar 2019 07:42:27 -0700','Sun, 25 Feb 2018 03:06:41 -0800','Thu, 29 Jun 2017 02:55:31 -0700','100.00'),(83,'Fusce','Ap #818-5817 Ipsum Rd.','Tue, 07 Nov 2017 13:11:24 -0800','Thu, 13 Dec 2018 14:50:44 -0800','Sat, 14 Apr 2018 12:49:14 -0700','Sun, 23 Jul 2017 19:54:41 -0700','100.00'),(84,'ipsum.','871-8719 Proin St.','Fri, 08 Dec 2017 22:17:53 -0800','Fri, 11 May 2018 18:31:59 -0700','Sun, 23 Sep 2018 23:57:28 -0700','Fri, 02 Mar 2018 07:49:17 -0800','100.00'),(85,'mauris','4344 Augue Avenue','Wed, 27 Feb 2019 11:12:20 -0800','Tue, 05 Feb 2019 05:41:09 -0800','Wed, 08 Aug 2018 22:45:06 -0700','Sun, 15 Jul 2018 00:08:50 -0700','100.00'),(86,'montes,','3043 Lacus Street','Mon, 18 Sep 2017 08:04:04 -0700','Fri, 31 Aug 2018 19:59:07 -0700','Wed, 05 Jul 2017 10:02:11 -0700','Tue, 01 Jan 2019 15:07:11 -0800','100.00'),(87,'Curabitur','Ap #340-9852 Egestas Ave','Thu, 30 May 2019 08:23:42 -0700','Thu, 04 Apr 2019 14:02:13 -0700','Sun, 12 Aug 2018 17:51:41 -0700','Fri, 02 Nov 2018 09:11:22 -0700','100.00'),(88,'vehicula','Ap #622-2204 Proin Street','Fri, 29 Jun 2018 13:31:06 -0700','Thu, 13 Dec 2018 01:56:48 -0800','Sun, 11 Feb 2018 03:30:20 -0800','Mon, 27 Nov 2017 17:34:45 -0800','100.00'),(89,'Suspendisse','Ap #966-559 Velit. Rd.','Wed, 04 Jul 2018 21:24:24 -0700','Thu, 13 Jul 2017 08:01:34 -0700','Fri, 08 Mar 2019 19:38:23 -0800','Thu, 14 Dec 2017 23:13:04 -0800','100.00'),(90,'mauris','Ap #803-8203 Pellentesque Road','Sun, 21 Oct 2018 16:20:34 -0700','Mon, 04 Sep 2017 11:17:46 -0700','Tue, 26 Mar 2019 08:16:57 -0700','Mon, 29 Apr 2019 21:55:14 -0700','100.00');
INSERT INTO "congresso" (id_congresso,nm_congresso,nm_sede_congresso,dt_inicio_congresso,dt_fim_congresso,dt_prazo_submissao,dt_prazo_revisao,vl_inscricao) VALUES (91,'urna,','3518 Enim. Rd.','Wed, 20 Dec 2017 08:05:04 -0800','Sat, 02 Mar 2019 17:09:00 -0800','Sat, 17 Feb 2018 05:03:51 -0800','Sat, 26 May 2018 08:07:44 -0700','100.00'),(92,'sed','4265 Risus. Rd.','Fri, 20 Apr 2018 22:13:38 -0700','Thu, 26 Oct 2017 23:31:32 -0700','Mon, 25 Feb 2019 12:21:27 -0800','Tue, 07 May 2019 01:38:18 -0700','100.00'),(93,'Vestibulum','P.O. Box 799, 9618 Condimentum Avenue','Sat, 28 Apr 2018 10:15:59 -0700','Tue, 23 Apr 2019 00:27:46 -0700','Fri, 14 Dec 2018 15:58:21 -0800','Fri, 28 Sep 2018 22:32:46 -0700','100.00'),(94,'mi.','2257 Leo Road','Fri, 23 Jun 2017 16:52:26 -0700','Wed, 25 Jul 2018 11:16:05 -0700','Thu, 28 Sep 2017 02:50:45 -0700','Fri, 26 Jan 2018 13:46:35 -0800','100.00'),(95,'ac','P.O. Box 853, 8780 Turpis Avenue','Mon, 31 Dec 2018 16:20:26 -0800','Fri, 20 Oct 2017 22:21:56 -0700','Sat, 23 Dec 2017 09:32:36 -0800','Mon, 28 May 2018 08:10:11 -0700','100.00'),(96,'Fusce','373-3881 Nisl. Ave','Mon, 21 May 2018 13:37:52 -0700','Tue, 29 May 2018 19:11:52 -0700','Thu, 14 Mar 2019 01:37:52 -0700','Sat, 05 May 2018 01:29:57 -0700','100.00'),(97,'et','P.O. Box 954, 5320 In St.','Thu, 21 Feb 2019 04:34:57 -0800','Wed, 06 Jun 2018 12:52:37 -0700','Fri, 31 Aug 2018 13:01:01 -0700','Wed, 22 Nov 2017 10:29:48 -0800','100.00'),(98,'enim.','674-1186 Vulputate St.','Fri, 13 Jul 2018 19:04:55 -0700','Tue, 14 Nov 2017 05:34:43 -0800','Mon, 19 Nov 2018 06:29:57 -0800','Sat, 08 Jul 2017 06:02:25 -0700','100.00'),(99,'lectus','Ap #437-8159 Tellus Av.','Sun, 04 Nov 2018 08:51:44 -0800','Mon, 28 Jan 2019 20:52:37 -0800','Sat, 11 Aug 2018 21:40:02 -0700','Thu, 02 May 2019 15:38:34 -0700','100.00'),(100,'luctus','296-8590 Adipiscing St.','Fri, 24 Nov 2017 09:44:54 -0800','Sun, 14 Oct 2018 08:32:47 -0700','Sat, 05 Aug 2017 13:12:16 -0700','Mon, 26 Feb 2018 17:59:19 -0800','100.00');
INSERT INTO "cartao_credito" (id_cartao_credito,nu_cartao_credito,nm_bandeira_cartao,dt_venc_cartao,id_participante) VALUES (1,'5527','Soye','Thu, 24 May 2018 07:19:04 -0700',1),(2,'6315','Moradabad','Tue, 19 Mar 2019 00:49:55 -0700',2),(3,'3405','Santiago','Sat, 20 Oct 2018 09:41:13 -0700',3),(4,'5818','Bicinicco','Mon, 01 Jan 2018 19:04:14 -0800',4),(5,'6147','Denver','Fri, 08 Jun 2018 01:35:23 -0700',5),(6,'4202','Boise','Tue, 18 Jul 2017 05:23:53 -0700',6),(7,'1358','Kingston-on-Thames','Sun, 27 Jan 2019 01:21:57 -0800',7),(8,'5428','Meerut Cantonment','Wed, 21 Nov 2018 00:05:55 -0800',8),(9,'4688','Thurso','Wed, 19 Dec 2018 02:45:46 -0800',9),(10,'7363','Pictou','Mon, 05 Feb 2018 00:51:38 -0800',10);
INSERT INTO "cartao_credito" (id_cartao_credito,nu_cartao_credito,nm_bandeira_cartao,dt_venc_cartao,id_participante) VALUES (11,'6186','Salt Lake City','Sat, 07 Apr 2018 17:06:02 -0700',11),(12,'7188','Utrecht','Wed, 20 Dec 2017 08:38:43 -0800',12),(13,'9472','Newmarket','Thu, 21 Feb 2019 21:17:58 -0800',13),(14,'2623','Whithorn','Sat, 03 Nov 2018 10:56:54 -0700',14),(15,'6950','Genk','Sun, 28 Apr 2019 01:58:27 -0700',15),(16,'6003','Etalle','Sat, 15 Sep 2018 19:09:35 -0700',16),(17,'7217','Montague','Sun, 17 Dec 2017 10:14:54 -0800',17),(18,'9498','Ponte San Nicol','Sun, 04 Feb 2018 19:39:35 -0800',18),(19,'3714','Hagen','Tue, 06 Mar 2018 12:10:24 -0800',19),(20,'3951','Bungay','Sun, 21 Oct 2018 04:32:16 -0700',20);
INSERT INTO "cartao_credito" (id_cartao_credito,nu_cartao_credito,nm_bandeira_cartao,dt_venc_cartao,id_participante) VALUES (21,'7998','Williams Lake','Thu, 20 Sep 2018 00:32:55 -0700',21),(22,'1377','Kukatpalle','Thu, 04 Oct 2018 23:48:08 -0700',22),(23,'7903','Canela','Wed, 12 Sep 2018 23:59:04 -0700',23),(24,'2546','Deline','Sun, 24 Sep 2017 17:59:55 -0700',24),(25,'3038','Blairgowrie','Thu, 07 Jun 2018 22:20:14 -0700',25),(26,'9512','Philadelphia','Thu, 01 Mar 2018 08:51:04 -0800',26),(27,'4855','Duffel','Wed, 11 Jul 2018 01:52:48 -0700',27),(28,'2972','Piagge','Tue, 09 Jan 2018 21:44:46 -0800',28),(29,'3341','Aurora','Sun, 27 Jan 2019 04:08:35 -0800',29),(30,'2075','Mantova','Fri, 20 Apr 2018 20:06:40 -0700',30);
INSERT INTO "cartao_credito" (id_cartao_credito,nu_cartao_credito,nm_bandeira_cartao,dt_venc_cartao,id_participante) VALUES (31,'4882','Castello Tesino','Fri, 12 Oct 2018 20:53:45 -0700',31),(32,'7770','Rupelmonde','Wed, 04 Jul 2018 08:32:35 -0700',32),(33,'4460','Wagnele','Thu, 14 Sep 2017 00:04:34 -0700',33),(34,'5327','Coldstream','Tue, 19 Jun 2018 23:34:15 -0700',34),(35,'7182','Hof','Thu, 02 May 2019 08:52:49 -0700',35),(36,'7986','Colina','Mon, 25 Feb 2019 13:20:17 -0800',36),(37,'5418','Satriano di Lucania','Thu, 28 Jun 2018 18:23:05 -0700',37),(38,'7091','Arendonk','Mon, 19 Feb 2018 01:46:45 -0800',38),(39,'7090','Centa San Nicol','Mon, 17 Sep 2018 00:36:05 -0700',39),(40,'7012','Madison','Sun, 10 Feb 2019 02:30:59 -0800',40);
INSERT INTO "cartao_credito" (id_cartao_credito,nu_cartao_credito,nm_bandeira_cartao,dt_venc_cartao,id_participante) VALUES (41,'2019','Boise','Sat, 14 Oct 2017 13:34:30 -0700',41),(42,'6957','Beerzel','Thu, 09 May 2019 02:20:16 -0700',42),(43,'3664','Valtournenche','Sat, 12 Aug 2017 19:16:58 -0700',43),(44,'2636','San Miguel','Sat, 27 Apr 2019 23:59:11 -0700',44),(45,'9052','Schiltigheim','Wed, 26 Jul 2017 19:35:13 -0700',45),(46,'9350','Bridgend','Mon, 04 Sep 2017 01:31:17 -0700',46),(47,'2686','Patan','Wed, 02 May 2018 03:08:59 -0700',47),(48,'5175','Marentino','Tue, 12 Sep 2017 19:23:44 -0700',48),(49,'2245','Billings','Sat, 06 Oct 2018 12:21:16 -0700',49),(50,'4478','Montbliart','Sun, 03 Sep 2017 19:09:50 -0700',50);
INSERT INTO "cartao_credito" (id_cartao_credito,nu_cartao_credito,nm_bandeira_cartao,dt_venc_cartao,id_participante) VALUES (51,'9908','Caprauna','Tue, 31 Oct 2017 23:49:28 -0700',51),(52,'8618','Opprebais','Wed, 04 Jul 2018 17:37:47 -0700',52),(53,'6592','Ingooigem','Wed, 28 Mar 2018 05:49:59 -0700',53),(54,'2875','Fatehpur','Mon, 10 Jul 2017 10:21:17 -0700',54),(55,'6036','Fontenoille','Thu, 10 Jan 2019 14:51:25 -0800',55),(56,'2809','Sluis','Sun, 05 May 2019 01:29:57 -0700',56),(57,'6049','Brechin','Fri, 29 Sep 2017 09:06:33 -0700',57),(58,'1232','Sint-Ulriks-Kapelle','Sun, 28 Oct 2018 16:05:12 -0700',58),(59,'2202','Merthyr Tydfil','Tue, 19 Feb 2019 21:02:28 -0800',59),(60,'7800','Naninne','Sun, 14 Apr 2019 16:04:31 -0700',60);
INSERT INTO "cartao_credito" (id_cartao_credito,nu_cartao_credito,nm_bandeira_cartao,dt_venc_cartao,id_participante) VALUES (61,'4398','Opole','Mon, 23 Oct 2017 03:03:45 -0700',61),(62,'5653','Blairgowrie','Sun, 08 Apr 2018 16:13:22 -0700',62),(63,'3075','Guysborough','Wed, 24 Jan 2018 13:30:36 -0800',63),(64,'7633','Borlnge','Thu, 12 Jul 2018 10:21:10 -0700',64),(65,'1711','San Jos de Alajuela','Tue, 14 May 2019 09:29:38 -0700',65),(66,'8710','Gressoney-La-Trinit','Wed, 18 Oct 2017 04:26:14 -0700',66),(67,'4937','Kflach','Wed, 12 Jun 2019 21:39:45 -0700',67),(68,'2459','Suru','Sat, 15 Sep 2018 06:27:44 -0700',68),(69,'5181','Oostkamp','Mon, 19 Mar 2018 05:55:01 -0700',69),(70,'8032','Wetzlar','Wed, 25 Jul 2018 07:16:43 -0700',70);
INSERT INTO "cartao_credito" (id_cartao_credito,nu_cartao_credito,nm_bandeira_cartao,dt_venc_cartao,id_participante) VALUES (71,'1161','Hearst','Sat, 03 Feb 2018 16:07:40 -0800',71),(72,'2004','La Rochelle','Mon, 10 Jul 2017 07:05:36 -0700',72),(73,'3739','Santa Rita','Tue, 07 Nov 2017 09:43:16 -0800',73),(74,'7906','Morro d''Alba','Sat, 04 Nov 2017 01:35:14 -0700',74),(75,'8698','Torgiano','Fri, 15 Feb 2019 18:34:24 -0800',75),(76,'9363','Weymouth','Tue, 21 Nov 2017 22:15:18 -0800',76),(77,'5891','Meeswijk','Mon, 01 Apr 2019 03:44:07 -0700',77),(78,'8080','Massarosa','Mon, 25 Dec 2017 05:12:27 -0800',78),(79,'8848','Nocciano','Wed, 15 Nov 2017 22:09:35 -0800',79),(80,'6656','St. Albert','Fri, 03 May 2019 13:55:04 -0700',80);
INSERT INTO "cartao_credito" (id_cartao_credito,nu_cartao_credito,nm_bandeira_cartao,dt_venc_cartao,id_participante) VALUES (81,'7275','La Serena','Sat, 11 May 2019 04:49:15 -0700',81),(82,'6336','Accadia','Mon, 03 Jul 2017 07:42:14 -0700',82),(83,'7236','Schulen','Wed, 23 Aug 2017 00:36:05 -0700',83),(84,'2883','Valncia','Sat, 28 Apr 2018 14:37:56 -0700',84),(85,'7430','Terzorio','Thu, 28 Sep 2017 10:48:03 -0700',85),(86,'9283','Machilipatnam','Wed, 28 Nov 2018 17:04:35 -0800',86),(87,'9794','Basirhat','Mon, 03 Sep 2018 08:32:09 -0700',87),(88,'9050','Pao do Lumiar','Tue, 03 Jul 2018 18:59:53 -0700',88),(89,'2028','Watson Lake','Tue, 12 Dec 2017 07:12:37 -0800',89),(90,'6318','Pontboset','Mon, 11 Jun 2018 02:06:22 -0700',90);
INSERT INTO "cartao_credito" (id_cartao_credito,nu_cartao_credito,nm_bandeira_cartao,dt_venc_cartao,id_participante) VALUES (91,'6363','Vallepietra','Fri, 28 Dec 2018 16:07:30 -0800',91),(92,'4158','Lautaro','Sun, 28 Apr 2019 03:43:59 -0700',92),(93,'7339','Builth Wells','Sat, 22 Sep 2018 11:15:38 -0700',93),(94,'4130','Santarm','Mon, 01 Oct 2018 03:13:28 -0700',94),(95,'4758','Sart-Dames-Avelines','Thu, 01 Nov 2018 17:22:15 -0700',95),(96,'7859','Lexington','Sat, 13 Jan 2018 11:25:54 -0800',96),(97,'5623','Sant''Agapito','Tue, 28 May 2019 08:06:30 -0700',97),(98,'9377','Ledbury','Tue, 27 Jun 2017 03:19:07 -0700',98),(99,'3639','Ragogna','Mon, 29 Oct 2018 02:59:59 -0700',99),(100,'4399','Hillsboro','Thu, 14 Feb 2019 05:24:37 -0800',100);
INSERT INTO "autor_artigo" (id_autor_artigo,id_participante,id_artigo) VALUES (1,2,76),(2,93,82),(3,30,95),(4,22,14),(5,65,63),(6,51,90),(7,55,24),(8,12,4),(9,100,20),(10,21,22);
INSERT INTO "autor_artigo" (id_autor_artigo,id_participante,id_artigo) VALUES (11,25,20),(12,13,48),(13,92,38),(14,77,47),(15,72,92),(16,93,76),(17,3,64),(18,27,3),(19,27,2),(20,39,63);
INSERT INTO "autor_artigo" (id_autor_artigo,id_participante,id_artigo) VALUES (21,43,38),(22,31,29),(23,68,84),(24,83,68),(25,62,17),(26,71,48),(27,90,65),(28,60,34),(29,32,34),(30,54,6);
INSERT INTO "autor_artigo" (id_autor_artigo,id_participante,id_artigo) VALUES (31,8,28),(32,14,14),(33,53,26),(34,39,15),(35,97,42),(36,35,14),(37,99,5),(38,78,72),(39,23,64),(40,10,97);
INSERT INTO "autor_artigo" (id_autor_artigo,id_participante,id_artigo) VALUES (41,18,12),(42,34,25),(43,23,18),(44,57,8),(45,5,20),(46,99,90),(47,4,71),(48,20,68),(49,80,68),(50,66,97);
INSERT INTO "autor_artigo" (id_autor_artigo,id_participante,id_artigo) VALUES (51,46,11),(52,11,29),(53,75,86),(54,11,27),(55,33,51),(56,57,88),(57,57,91),(58,17,22),(59,24,41),(60,11,32);
INSERT INTO "autor_artigo" (id_autor_artigo,id_participante,id_artigo) VALUES (61,52,17),(62,25,60),(63,16,15),(64,85,80),(65,92,60),(66,46,75),(67,94,71),(68,94,48),(69,71,71),(70,11,68);
INSERT INTO "autor_artigo" (id_autor_artigo,id_participante,id_artigo) VALUES (71,3,91),(72,13,70),(73,85,43),(74,81,56),(75,76,79),(76,7,65),(77,4,29),(78,59,47),(79,19,32),(80,39,63);
INSERT INTO "autor_artigo" (id_autor_artigo,id_participante,id_artigo) VALUES (81,15,15),(82,56,21),(83,46,100),(84,53,28),(85,35,48),(86,60,59),(87,71,48),(88,65,24),(89,46,77),(90,92,30);
INSERT INTO "autor_artigo" (id_autor_artigo,id_participante,id_artigo) VALUES (91,97,49),(92,36,77),(93,48,93),(94,44,10),(95,19,73),(96,27,39),(97,90,52),(98,89,48),(99,76,15),(100,2,92);
INSERT INTO "revisor_artigo" (id_revisor_artigo,id_participante,id_artigo,nu_nota,nm_comentario,dt_prazo_revisao,dt_revisao) VALUES (1,34,45,9,'amet, consectetuer adipiscing elit. Aliquam auctor, velit eget laoreet posuere,','Tue, 12 Dec 2017 08:33:44 -0800','Sun, 28 Apr 2019 06:04:17 -0700'),(2,22,82,2,'tellus. Phasellus elit pede, malesuada vel, venenatis vel, faucibus id,','Wed, 28 Feb 2018 17:24:51 -0800','Fri, 15 Dec 2017 11:18:04 -0800'),(3,24,34,10,'quam vel sapien imperdiet ornare. In faucibus. Morbi vehicula. Pellentesque','Mon, 27 Aug 2018 16:25:11 -0700','Wed, 07 Mar 2018 00:23:22 -0800'),(4,71,36,6,'Vivamus nibh dolor, nonummy ac, feugiat non, lobortis quis, pede.','Wed, 27 Dec 2017 13:03:48 -0800','Thu, 17 Jan 2019 21:54:53 -0800'),(5,79,78,8,'tempor arcu. Vestibulum ut eros non enim commodo hendrerit. Donec','Sun, 20 Aug 2017 16:40:30 -0700','Wed, 21 Jun 2017 10:07:53 -0700'),(6,12,76,6,'mi. Duis risus odio, auctor vitae, aliquet nec, imperdiet nec,','Sun, 01 Oct 2017 03:10:37 -0700','Wed, 24 Apr 2019 20:03:25 -0700'),(7,23,88,10,'ac mattis velit justo nec ante. Maecenas mi felis, adipiscing','Fri, 29 Jun 2018 13:35:48 -0700','Tue, 17 Apr 2018 09:08:51 -0700'),(8,4,38,4,'nec tempus mauris erat eget ipsum. Suspendisse sagittis. Nullam vitae','Wed, 24 Jan 2018 01:46:42 -0800','Sat, 15 Sep 2018 10:02:07 -0700'),(9,26,47,5,'a, magna. Lorem ipsum dolor sit amet, consectetuer adipiscing elit.','Wed, 03 Jan 2018 15:03:56 -0800','Thu, 26 Oct 2017 10:51:17 -0700'),(10,42,38,2,'Aliquam ultrices iaculis odio. Nam interdum enim non nisi. Aenean','Sat, 11 Aug 2018 21:09:43 -0700','Wed, 03 Apr 2019 14:34:28 -0700');
INSERT INTO "revisor_artigo" (id_revisor_artigo,id_participante,id_artigo,nu_nota,nm_comentario,dt_prazo_revisao,dt_revisao) VALUES (11,78,58,8,'Fusce diam nunc, ullamcorper eu, euismod ac, fermentum vel, mauris.','Sun, 11 Feb 2018 05:09:22 -0800','Fri, 21 Jul 2017 08:35:53 -0700'),(12,81,55,2,'commodo tincidunt nibh. Phasellus nulla. Integer vulputate, risus a ultricies','Thu, 07 Sep 2017 08:37:47 -0700','Sat, 28 Apr 2018 19:17:12 -0700'),(13,61,70,4,'aliquet, sem ut cursus luctus, ipsum leo elementum sem, vitae','Sat, 26 Aug 2017 07:14:19 -0700','Tue, 11 Jul 2017 11:16:19 -0700'),(14,10,25,3,'fames ac turpis egestas. Fusce aliquet magna a neque. Nullam','Fri, 03 Nov 2017 23:42:21 -0700','Sat, 09 Mar 2019 09:42:23 -0800'),(15,9,28,8,'Phasellus fermentum convallis ligula. Donec luctus aliquet odio. Etiam ligula','Sun, 12 May 2019 12:58:49 -0700','Fri, 25 Jan 2019 16:17:52 -0800'),(16,95,82,1,'a nunc. In at pede. Cras vulputate velit eu sem.','Sun, 31 Mar 2019 14:33:59 -0700','Thu, 16 May 2019 14:37:45 -0700'),(17,4,61,8,'Sed dictum. Proin eget odio. Aliquam vulputate ullamcorper magna. Sed','Mon, 28 May 2018 21:27:36 -0700','Mon, 30 Jul 2018 21:43:17 -0700'),(18,76,43,8,'Maecenas mi felis, adipiscing fringilla, porttitor vulputate, posuere vulputate, lacus.','Fri, 15 Sep 2017 19:18:12 -0700','Tue, 26 Jun 2018 23:57:25 -0700'),(19,17,15,3,'a ultricies adipiscing, enim mi tempor lorem, eget mollis lectus','Sat, 16 Feb 2019 16:50:54 -0800','Thu, 21 Dec 2017 14:04:43 -0800'),(20,10,84,7,'arcu. Aliquam ultrices iaculis odio. Nam interdum enim non nisi.','Thu, 16 Aug 2018 03:38:47 -0700','Tue, 30 Apr 2019 02:45:26 -0700');
INSERT INTO "revisor_artigo" (id_revisor_artigo,id_participante,id_artigo,nu_nota,nm_comentario,dt_prazo_revisao,dt_revisao) VALUES (21,61,100,3,'Proin nisl sem, consequat nec, mollis vitae, posuere at, velit.','Thu, 01 Mar 2018 08:08:07 -0800','Thu, 05 Oct 2017 15:41:03 -0700'),(22,20,22,9,'tellus sem mollis dui, in sodales elit erat vitae risus.','Sun, 19 Nov 2017 21:34:08 -0800','Tue, 18 Jul 2017 18:48:26 -0700'),(23,41,6,2,'et, eros. Proin ultrices. Duis volutpat nunc sit amet metus.','Fri, 11 Aug 2017 19:53:06 -0700','Fri, 01 Dec 2017 01:55:00 -0800'),(24,60,2,1,'Proin velit. Sed malesuada augue ut lacus. Nulla tincidunt, neque','Sun, 23 Jul 2017 09:25:40 -0700','Sat, 02 Mar 2019 01:13:54 -0800'),(25,27,8,4,'mollis. Integer tincidunt aliquam arcu. Aliquam ultrices iaculis odio. Nam','Fri, 14 Dec 2018 21:51:06 -0800','Wed, 21 Mar 2018 21:03:10 -0700'),(26,70,59,8,'et netus et malesuada fames ac turpis egestas. Fusce aliquet','Tue, 02 Apr 2019 07:00:31 -0700','Tue, 24 Apr 2018 15:59:32 -0700'),(27,4,43,10,'ut lacus. Nulla tincidunt, neque vitae semper egestas, urna justo','Tue, 05 Jun 2018 21:48:31 -0700','Tue, 05 Dec 2017 22:33:48 -0800'),(28,1,97,1,'scelerisque neque. Nullam nisl. Maecenas malesuada fringilla est. Mauris eu','Sun, 24 Jun 2018 11:46:09 -0700','Wed, 04 Jul 2018 07:12:37 -0700'),(29,67,62,4,'tincidunt orci quis lectus. Nullam suscipit, est ac facilisis facilisis,','Thu, 04 Jan 2018 01:32:02 -0800','Tue, 29 May 2018 10:44:42 -0700'),(30,53,64,9,'eu, odio. Phasellus at augue id ante dictum cursus. Nunc','Mon, 22 Jan 2018 06:11:56 -0800','Wed, 21 Nov 2018 08:45:50 -0800');
INSERT INTO "revisor_artigo" (id_revisor_artigo,id_participante,id_artigo,nu_nota,nm_comentario,dt_prazo_revisao,dt_revisao) VALUES (31,62,38,6,'magnis dis parturient montes, nascetur ridiculus mus. Proin vel nisl.','Sat, 04 May 2019 06:21:45 -0700','Fri, 31 Aug 2018 21:36:36 -0700'),(32,67,70,7,'tellus. Aenean egestas hendrerit neque. In ornare sagittis felis. Donec','Tue, 04 Jun 2019 07:47:38 -0700','Thu, 04 Apr 2019 08:01:15 -0700'),(33,3,10,10,'nulla. Integer vulputate, risus a ultricies adipiscing, enim mi tempor','Thu, 04 Oct 2018 14:00:33 -0700','Sat, 17 Jun 2017 01:24:24 -0700'),(34,33,2,8,'vestibulum nec, euismod in, dolor. Fusce feugiat. Lorem ipsum dolor','Tue, 13 Feb 2018 23:18:30 -0800','Wed, 19 Dec 2018 20:04:45 -0800'),(35,58,98,8,'pretium et, rutrum non, hendrerit id, ante. Nunc mauris sapien,','Sun, 23 Sep 2018 08:10:19 -0700','Wed, 28 Mar 2018 16:07:57 -0700'),(36,60,20,3,'tellus id nunc interdum feugiat. Sed nec metus facilisis lorem','Mon, 27 May 2019 20:12:24 -0700','Sat, 19 May 2018 04:16:56 -0700'),(37,50,38,5,'In condimentum. Donec at arcu. Vestibulum ante ipsum primis in','Sun, 18 Jun 2017 02:35:05 -0700','Fri, 30 Nov 2018 22:09:19 -0800'),(38,66,28,4,'lacus. Aliquam rutrum lorem ac risus. Morbi metus. Vivamus euismod','Thu, 15 Jun 2017 08:49:22 -0700','Fri, 22 Dec 2017 14:38:02 -0800'),(39,47,63,1,'ante, iaculis nec, eleifend non, dapibus rutrum, justo. Praesent luctus.','Mon, 04 Sep 2017 05:13:24 -0700','Tue, 08 May 2018 15:17:01 -0700'),(40,61,52,3,'lectus pede et risus. Quisque libero lacus, varius et, euismod','Thu, 14 Jun 2018 16:51:52 -0700','Sat, 26 May 2018 00:57:05 -0700');
INSERT INTO "revisor_artigo" (id_revisor_artigo,id_participante,id_artigo,nu_nota,nm_comentario,dt_prazo_revisao,dt_revisao) VALUES (41,63,48,4,'erat volutpat. Nulla dignissim. Maecenas ornare egestas ligula. Nullam feugiat','Fri, 08 Dec 2017 00:30:55 -0800','Fri, 13 Jul 2018 21:51:04 -0700'),(42,32,32,9,'scelerisque neque sed sem egestas blandit. Nam nulla magna, malesuada','Sat, 09 Mar 2019 18:52:18 -0800','Sun, 13 Aug 2017 15:28:04 -0700'),(43,99,24,3,'nec enim. Nunc ut erat. Sed nunc est, mollis non,','Thu, 22 Mar 2018 13:36:48 -0700','Wed, 30 Jan 2019 16:59:33 -0800'),(44,28,35,5,'dignissim pharetra. Nam ac nulla. In tincidunt congue turpis. In','Fri, 24 Nov 2017 18:28:34 -0800','Sat, 15 Jul 2017 15:25:34 -0700'),(45,64,37,4,'tincidunt tempus risus. Donec egestas. Duis ac arcu. Nunc mauris.','Mon, 22 Apr 2019 10:13:10 -0700','Sat, 29 Dec 2018 18:03:07 -0800'),(46,44,51,1,'risus odio, auctor vitae, aliquet nec, imperdiet nec, leo. Morbi','Fri, 08 Dec 2017 16:48:57 -0800','Mon, 24 Dec 2018 17:52:33 -0800'),(47,58,27,3,'dolor vitae dolor. Donec fringilla. Donec feugiat metus sit amet','Wed, 07 Feb 2018 06:53:51 -0800','Fri, 07 Jun 2019 16:25:29 -0700'),(48,77,95,10,'Donec est mauris, rhoncus id, mollis nec, cursus a, enim.','Tue, 17 Jul 2018 01:02:04 -0700','Sat, 02 Mar 2019 14:21:10 -0800'),(49,88,19,2,'nec, euismod in, dolor. Fusce feugiat. Lorem ipsum dolor sit','Thu, 24 May 2018 06:15:11 -0700','Thu, 17 May 2018 21:39:03 -0700'),(50,64,10,6,'non, hendrerit id, ante. Nunc mauris sapien, cursus in, hendrerit','Tue, 04 Sep 2018 12:12:00 -0700','Mon, 25 Mar 2019 16:14:54 -0700');
INSERT INTO "revisor_artigo" (id_revisor_artigo,id_participante,id_artigo,nu_nota,nm_comentario,dt_prazo_revisao,dt_revisao) VALUES (51,21,14,6,'magna. Cras convallis convallis dolor. Quisque tincidunt pede ac urna.','Sat, 28 Jul 2018 17:16:13 -0700','Fri, 12 Apr 2019 22:31:06 -0700'),(52,62,59,4,'imperdiet nec, leo. Morbi neque tellus, imperdiet non, vestibulum nec,','Sun, 24 Sep 2017 11:49:06 -0700','Sun, 03 Mar 2019 13:10:59 -0800'),(53,19,24,1,'vulputate, lacus. Cras interdum. Nunc sollicitudin commodo ipsum. Suspendisse non','Sun, 03 Sep 2017 20:02:15 -0700','Sat, 08 Dec 2018 10:19:36 -0800'),(54,48,47,6,'ut ipsum ac mi eleifend egestas. Sed pharetra, felis eget','Mon, 25 Dec 2017 19:37:11 -0800','Sat, 18 Nov 2017 11:32:56 -0800'),(55,97,7,5,'augue scelerisque mollis. Phasellus libero mauris, aliquam eu, accumsan sed,','Tue, 26 Jun 2018 16:35:52 -0700','Tue, 10 Jul 2018 20:51:47 -0700'),(56,81,61,7,'Nunc pulvinar arcu et pede. Nunc sed orci lobortis augue','Sat, 15 Jul 2017 05:13:31 -0700','Wed, 07 Nov 2018 14:49:55 -0800'),(57,53,8,3,'eget, venenatis a, magna. Lorem ipsum dolor sit amet, consectetuer','Sun, 07 Apr 2019 09:20:18 -0700','Tue, 05 Jun 2018 19:38:04 -0700'),(58,3,98,9,'in, tempus eu, ligula. Aenean euismod mauris eu elit. Nulla','Sat, 12 Jan 2019 11:52:55 -0800','Fri, 03 Nov 2017 07:15:37 -0700'),(59,35,33,3,'eu enim. Etiam imperdiet dictum magna. Ut tincidunt orci quis','Tue, 04 Dec 2018 18:36:23 -0800','Tue, 22 May 2018 20:00:34 -0700'),(60,91,87,5,'eleifend vitae, erat. Vivamus nisi. Mauris nulla. Integer urna. Vivamus','Sun, 24 Jun 2018 13:34:41 -0700','Fri, 31 May 2019 01:28:44 -0700');
INSERT INTO "revisor_artigo" (id_revisor_artigo,id_participante,id_artigo,nu_nota,nm_comentario,dt_prazo_revisao,dt_revisao) VALUES (61,44,1,5,'aliquet diam. Sed diam lorem, auctor quis, tristique ac, eleifend','Sat, 03 Feb 2018 06:08:53 -0800','Thu, 05 Oct 2017 07:13:15 -0700'),(62,8,45,6,'Curabitur egestas nunc sed libero. Proin sed turpis nec mauris','Fri, 09 Mar 2018 02:55:24 -0800','Sat, 30 Sep 2017 08:51:20 -0700'),(63,33,95,3,'Nulla facilisi. Sed neque. Sed eget lacus. Mauris non dui','Thu, 03 May 2018 06:39:20 -0700','Thu, 23 Aug 2018 22:15:07 -0700'),(64,1,3,7,'dignissim. Maecenas ornare egestas ligula. Nullam feugiat placerat velit. Quisque','Fri, 02 Mar 2018 14:23:48 -0800','Fri, 25 May 2018 14:31:33 -0700'),(65,67,17,5,'ullamcorper. Duis cursus, diam at pretium aliquet, metus urna convallis','Tue, 12 Dec 2017 05:28:01 -0800','Tue, 08 Jan 2019 02:06:46 -0800'),(66,66,53,2,'ultrices a, auctor non, feugiat nec, diam. Duis mi enim,','Tue, 19 Dec 2017 15:52:48 -0800','Thu, 24 May 2018 13:54:42 -0700'),(67,93,34,8,'mi fringilla mi lacinia mattis. Integer eu lacus. Quisque imperdiet,','Sun, 09 Jun 2019 19:16:42 -0700','Thu, 28 Dec 2017 19:39:16 -0800'),(68,7,42,3,'dui. Cras pellentesque. Sed dictum. Proin eget odio. Aliquam vulputate','Sat, 23 Sep 2017 02:54:22 -0700','Tue, 04 Dec 2018 18:33:34 -0800'),(69,40,70,1,'id enim. Curabitur massa. Vestibulum accumsan neque et nunc. Quisque','Fri, 23 Nov 2018 10:27:33 -0800','Wed, 14 Mar 2018 17:26:27 -0700'),(70,86,16,3,'lorem ipsum sodales purus, in molestie tortor nibh sit amet','Fri, 11 May 2018 23:35:40 -0700','Sun, 07 Apr 2019 02:14:15 -0700');
INSERT INTO "revisor_artigo" (id_revisor_artigo,id_participante,id_artigo,nu_nota,nm_comentario,dt_prazo_revisao,dt_revisao) VALUES (71,34,10,6,'Sed nulla ante, iaculis nec, eleifend non, dapibus rutrum, justo.','Sat, 16 Jun 2018 16:18:50 -0700','Thu, 23 Aug 2018 19:10:20 -0700'),(72,45,31,4,'mi enim, condimentum eget, volutpat ornare, facilisis eget, ipsum. Donec','Fri, 18 Jan 2019 21:47:17 -0800','Sat, 08 Sep 2018 01:22:22 -0700'),(73,9,30,2,'Suspendisse aliquet, sem ut cursus luctus, ipsum leo elementum sem,','Sat, 04 May 2019 00:02:06 -0700','Sun, 17 Mar 2019 13:02:09 -0700'),(74,22,52,8,'Nullam enim. Sed nulla ante, iaculis nec, eleifend non, dapibus','Thu, 01 Feb 2018 03:38:57 -0800','Sat, 10 Feb 2018 10:31:41 -0800'),(75,22,27,8,'scelerisque scelerisque dui. Suspendisse ac metus vitae velit egestas lacinia.','Sun, 10 Dec 2017 04:46:19 -0800','Wed, 08 Nov 2017 20:11:21 -0800'),(76,5,71,8,'et arcu imperdiet ullamcorper. Duis at lacus. Quisque purus sapien,','Mon, 23 Jul 2018 23:33:35 -0700','Fri, 08 Feb 2019 13:10:16 -0800'),(77,84,90,1,'leo, in lobortis tellus justo sit amet nulla. Donec non','Fri, 11 Aug 2017 19:41:33 -0700','Sat, 12 Jan 2019 02:24:00 -0800'),(78,59,67,7,'arcu. Vestibulum ante ipsum primis in faucibus orci luctus et','Thu, 03 May 2018 14:10:56 -0700','Sat, 08 Dec 2018 14:28:01 -0800'),(79,54,78,10,'eros nec tellus. Nunc lectus pede, ultrices a, auctor non,','Sat, 17 Jun 2017 23:42:03 -0700','Sun, 07 Oct 2018 11:50:49 -0700'),(80,94,93,3,'scelerisque scelerisque dui. Suspendisse ac metus vitae velit egestas lacinia.','Thu, 16 Aug 2018 18:53:37 -0700','Tue, 11 Jun 2019 06:19:36 -0700');
INSERT INTO "revisor_artigo" (id_revisor_artigo,id_participante,id_artigo,nu_nota,nm_comentario,dt_prazo_revisao,dt_revisao) VALUES (81,76,24,10,'quam. Curabitur vel lectus. Cum sociis natoque penatibus et magnis','Tue, 26 Feb 2019 16:51:19 -0800','Sun, 04 Nov 2018 02:17:37 -0800'),(82,19,70,9,'nisi. Cum sociis natoque penatibus et magnis dis parturient montes,','Wed, 02 May 2018 16:34:43 -0700','Sat, 01 Jul 2017 18:55:24 -0700'),(83,3,38,6,'nibh. Quisque nonummy ipsum non arcu. Vivamus sit amet risus.','Wed, 04 Oct 2017 11:55:58 -0700','Fri, 07 Jun 2019 01:24:21 -0700'),(84,91,1,4,'orci, adipiscing non, luctus sit amet, faucibus ut, nulla. Cras','Sat, 26 Aug 2017 15:10:51 -0700','Tue, 17 Jul 2018 10:58:19 -0700'),(85,33,73,1,'sollicitudin a, malesuada id, erat. Etiam vestibulum massa rutrum magna.','Thu, 14 Dec 2017 15:20:07 -0800','Wed, 21 Mar 2018 23:43:35 -0700'),(86,48,68,6,'faucibus. Morbi vehicula. Pellentesque tincidunt tempus risus. Donec egestas. Duis','Mon, 06 Nov 2017 00:44:24 -0800','Mon, 15 Apr 2019 23:33:33 -0700'),(87,41,18,4,'convallis, ante lectus convallis est, vitae sodales nisi magna sed','Mon, 05 Feb 2018 18:15:18 -0800','Sun, 07 Apr 2019 06:57:37 -0700'),(88,9,80,5,'lectus pede et risus. Quisque libero lacus, varius et, euismod','Thu, 11 Apr 2019 17:37:16 -0700','Wed, 31 Jan 2018 10:39:09 -0800'),(89,37,90,7,'pellentesque. Sed dictum. Proin eget odio. Aliquam vulputate ullamcorper magna.','Sat, 19 May 2018 01:32:29 -0700','Sat, 26 Aug 2017 22:56:12 -0700'),(90,53,88,10,'augue ut lacus. Nulla tincidunt, neque vitae semper egestas, urna','Mon, 11 Dec 2017 00:46:30 -0800','Tue, 10 Apr 2018 03:36:31 -0700');
INSERT INTO "revisor_artigo" (id_revisor_artigo,id_participante,id_artigo,nu_nota,nm_comentario,dt_prazo_revisao,dt_revisao) VALUES (91,76,25,3,'nec ante. Maecenas mi felis, adipiscing fringilla, porttitor vulputate, posuere','Tue, 21 May 2019 00:48:03 -0700','Wed, 12 Dec 2018 14:11:44 -0800'),(92,43,48,2,'nec, imperdiet nec, leo. Morbi neque tellus, imperdiet non, vestibulum','Sun, 14 Jan 2018 04:58:33 -0800','Mon, 31 Dec 2018 03:04:30 -0800'),(93,24,23,8,'malesuada id, erat. Etiam vestibulum massa rutrum magna. Cras convallis','Sun, 10 Dec 2017 12:07:17 -0800','Sat, 03 Nov 2018 00:57:29 -0700'),(94,46,13,6,'pellentesque a, facilisis non, bibendum sed, est. Nunc laoreet lectus','Tue, 19 Jun 2018 08:14:17 -0700','Sat, 22 Jul 2017 07:38:10 -0700'),(95,60,67,5,'egestas nunc sed libero. Proin sed turpis nec mauris blandit','Sun, 19 Nov 2017 00:34:37 -0800','Thu, 16 May 2019 05:52:14 -0700'),(96,83,74,10,'et pede. Nunc sed orci lobortis augue scelerisque mollis. Phasellus','Sat, 04 Aug 2018 03:31:44 -0700','Fri, 12 Oct 2018 02:15:04 -0700'),(97,80,45,9,'dui lectus rutrum urna, nec luctus felis purus ac tellus.','Tue, 28 May 2019 07:43:01 -0700','Mon, 27 May 2019 09:49:40 -0700'),(98,99,57,1,'Etiam vestibulum massa rutrum magna. Cras convallis convallis dolor. Quisque','Tue, 19 Jun 2018 00:07:57 -0700','Mon, 30 Jul 2018 00:36:53 -0700'),(99,75,60,6,'nunc. Quisque ornare tortor at risus. Nunc ac sem ut','Wed, 17 Jan 2018 05:00:27 -0800','Thu, 28 Sep 2017 03:27:04 -0700'),(100,38,34,6,'ultrices. Duis volutpat nunc sit amet metus. Aliquam erat volutpat.','Tue, 09 Jan 2018 04:54:00 -0800','Tue, 09 Jan 2018 08:45:48 -0800');
INSERT INTO "participante_congresso" (id_participante_congresso,id_congresso,id_participante,nu_inscricao,in_eh_revisor) VALUES (1,59,37,1,1),(2,71,26,2,1),(3,91,90,3,1),(4,84,9,4,1),(5,80,88,5,1),(6,84,44,6,1),(7,69,99,7,0),(8,38,17,8,0),(9,57,97,9,0),(10,97,79,10,0);
INSERT INTO "participante_congresso" (id_participante_congresso,id_congresso,id_participante,nu_inscricao,in_eh_revisor) VALUES (11,89,20,11,1),(12,17,56,12,1),(13,50,46,13,1),(14,85,92,14,1),(15,75,88,15,0),(16,69,98,16,1),(17,95,51,17,1),(18,64,53,18,1),(19,80,5,19,1),(20,78,25,20,1);
INSERT INTO "participante_congresso" (id_participante_congresso,id_congresso,id_participante,nu_inscricao,in_eh_revisor) VALUES (21,78,53,21,1),(22,49,78,22,0),(23,41,11,23,0),(24,23,55,24,0),(25,10,43,25,0),(26,2,54,26,0),(27,2,24,27,0),(28,65,75,28,1),(29,31,31,29,0),(30,40,66,30,0);
INSERT INTO "participante_congresso" (id_participante_congresso,id_congresso,id_participante,nu_inscricao,in_eh_revisor) VALUES (31,45,59,31,1),(32,82,76,32,0),(33,81,99,33,0),(34,82,42,34,1),(35,76,39,35,1),(36,31,85,36,1),(37,21,76,37,0),(38,76,10,38,0),(39,53,13,39,0),(40,28,1,40,0);
INSERT INTO "participante_congresso" (id_participante_congresso,id_congresso,id_participante,nu_inscricao,in_eh_revisor) VALUES (41,58,30,41,0),(42,51,10,42,0),(43,97,73,43,0),(44,74,96,44,0),(45,32,87,45,0),(46,44,82,46,0),(47,78,11,47,0),(48,49,58,48,1),(49,37,81,49,1),(50,53,94,50,1);
INSERT INTO "participante_congresso" (id_participante_congresso,id_congresso,id_participante,nu_inscricao,in_eh_revisor) VALUES (51,64,67,51,0),(52,93,57,52,0),(53,71,69,53,1),(54,60,77,54,0),(55,69,8,55,1),(56,100,37,56,1),(57,100,92,57,0),(58,84,70,58,0),(59,46,22,59,0),(60,81,74,60,0);
INSERT INTO "participante_congresso" (id_participante_congresso,id_congresso,id_participante,nu_inscricao,in_eh_revisor) VALUES (61,80,11,61,1),(62,18,66,62,1),(63,74,36,63,1),(64,22,75,64,0),(65,30,86,65,1),(66,21,8,66,0),(67,27,88,67,0),(68,61,69,68,1),(69,3,73,69,1),(70,27,26,70,0);
INSERT INTO "participante_congresso" (id_participante_congresso,id_congresso,id_participante,nu_inscricao,in_eh_revisor) VALUES (71,43,68,71,1),(72,47,69,72,0),(73,9,19,73,1),(74,94,6,74,1),(75,48,26,75,0),(76,15,65,76,1),(77,14,9,77,1),(78,46,93,78,1),(79,73,54,79,0),(80,4,73,80,1);
INSERT INTO "participante_congresso" (id_participante_congresso,id_congresso,id_participante,nu_inscricao,in_eh_revisor) VALUES (81,27,80,81,1),(82,49,59,82,1),(83,44,31,83,1),(84,34,23,84,0),(85,91,71,85,0),(86,37,51,86,0),(87,93,81,87,1),(88,82,66,88,0),(89,53,5,89,1),(90,17,77,90,0);
INSERT INTO "participante_congresso" (id_participante_congresso,id_congresso,id_participante,nu_inscricao,in_eh_revisor) VALUES (91,97,45,91,1),(92,47,23,92,0),(93,14,82,93,0),(94,56,37,94,0),(95,86,53,95,0),(96,35,74,96,0),(97,87,43,97,0),(98,4,86,98,1),(99,19,68,99,1),(100,29,25,100,0);
